id,B_Height_cms,B_Weight_lbs,B_age,B_total_rounds_fought,R_Reach_cms,weight_class,B_longest_win_streak,R_age,R_Height_cms,R_Weight_lbs,R_avg_CTRL_time(seconds),B_avg_opp_CTRL_time(seconds),B_avg_CTRL_time(seconds),B_avg_LEG_landed,B_current_win_streak,R_avg_DISTANCE_landed,B_Stance_Orthodox,R_avg_TD_pct,B_avg_SIG_STR_pct,R_avg_opp_BODY_att
0.0,160.02,115.0,30.0,6.0,165.1,1,1.0,23.0,165.1,115.0,24.0,440.0,143.0,5.5,1.0,22.0,True,0.33,0.53,10.0
1.0,167.64,125.0,30.0,6.0,167.64,3,1.0,27.0,167.64,135.0,207.5,156.0,140.0,8.5,0.0,14.5,True,0.375,0.565,7.5
2.0,180.34,185.0,45.0,39.0,187.96,7,4.0,38.0,182.88,185.0,6.599121094,104.0825195,5.978759766,1.427307129,2.0,6.930164337,True,6.48e-05,0.583355103,1.715791702
3.0,170.18,125.0,26.0,6.0,160.02,2,1.0,29.0,160.02,125.0,112.0,70.5,215.0,3.5,0.0,26.5,False,0.5,0.435,37.5
4.0,170.18,135.0,27.0,3.0,165.1,3,0.0,27.0,162.56,125.0,227.0,306.0,103.0,2.0,0.0,41.0,True,0.29,0.15,12.0
5.0,177.8,170.0,29.0,2.0,182.88,6,1.0,31.0,180.34,170.0,290.4296875,25.0,17.0,1.0,1.0,47.15625,False,0.29171875,0.4,13.46875
6.0,175.26,170.0,27.0,10.0,187.96,7,2.0,32.0,182.88,185.0,224.078125,345.3125,76.125,0.1875,1.0,4.0703125,True,0.18125,0.593125,2.3203125
7.0,180.34,170.0,30.0,9.0,182.88,6,2.0,22.0,177.8,170.0,252.5,128.0,145.25,3.75,0.0,6.75,True,0.4875,0.475,13.25
8.0,182.88,170.0,30.0,0.0,190.5,6,0.0,22.0,180.34,170.0,120.0,92.375,95.0,4.0,0.0,21.75,True,0.25,0.46,8.828125
9.0,175.26,155.0,23.0,9.0,182.88,4,4.0,25.0,170.18,145.0,82.5,30.125,181.875,6.25,4.0,10.5,False,0.25,0.44,1.5
10.0,180.34,155.0,27.0,3.0,180.34,5,0.0,31.0,180.34,155.0,2.0,372.0,76.0,1.0,0.0,6.0,True,0.0,0.45,11.0
11.0,172.72,145.0,26.0,9.0,185.42,5,1.0,28.0,180.34,155.0,114.5,121.0,344.25,8.25,1.0,27.5,True,0.0,0.4425,15.75
12.0,185.42,205.0,39.0,48.0,198.12,8,3.0,24.0,190.5,205.0,190.0,87.00462151,28.40359926,4.080101967,0.0,70.0,True,0.16,0.375108905,14.0
13.0,180.34,205.0,28.0,3.0,198.12,8,0.0,24.0,177.8,205.0,22.0,548.0,107.0,4.0,0.0,4.0,True,0.5,0.48,5.0
14.0,187.96,185.0,31.0,0.0,193.04,7,0.0,28.0,182.88,185.0,259.0,92.375,95.0,4.0,0.0,30.0,True,0.33,0.46,3.0
15.0,187.96,170.0,33.0,23.0,182.88,6,5.0,37.0,182.88,170.0,85.6730957,67.16796875,240.7304688,2.216796875,1.0,21.10302734,True,0.378798828,0.534746094,10.80712891
16.0,185.42,185.0,28.0,5.0,208.28,9,2.0,32.0,190.5,265.0,130.0,130.0,51.5,2.0,2.0,11.5,True,0.0,0.52,4.5
17.0,175.26,135.0,29.0,0.0,182.88,3,0.0,32.0,165.1,135.0,120.0,92.375,95.0,4.0,0.0,21.75,True,0.25,0.46,8.828125
18.0,160.02,115.0,30.0,3.0,152.4,1,1.0,25.0,154.94,115.0,38.0,336.0,261.0,8.0,1.0,89.0,True,1.0,0.67,24.0
19.0,187.96,185.0,26.0,3.0,182.88,7,1.0,30.0,182.88,185.0,316.0,3.0,479.0,6.0,1.0,13.0,True,0.33,0.42,2.0
20.0,185.42,185.0,31.0,24.0,190.5,8,2.0,33.0,185.42,205.0,138.375,133.53125,332.0976563,11.40625,2.0,31.125,True,0.3125,0.379609375,10.0
21.0,177.8,145.0,23.0,0.0,175.26,4,0.0,37.0,170.18,145.0,358.0,92.375,95.0,4.0,0.0,13.0,True,0.2525,0.46,5.0
22.0,187.96,185.0,29.0,40.0,198.12,7,4.0,34.0,185.42,185.0,95.00653076,41.06488037,207.9269714,7.06350708,2.0,30.11474609,True,0.137283325,0.576833801,8.9609375
23.0,182.88,185.0,35.0,35.0,187.96,7,4.0,27.0,185.42,185.0,183.2597656,42.45874023,131.3121338,1.921661377,4.0,19.2890625,True,0.041015625,0.543699799,6.130859375
24.0,180.34,155.0,29.0,6.0,177.8,4,1.0,31.0,177.8,145.0,364.5,93.75,85.25,0.5,0.0,7.0,False,0.83,0.5425,3.0
25.0,177.8,170.0,29.0,0.0,187.96,6,0.0,37.0,185.42,170.0,24.2265625,92.375,95.0,4.0,0.0,30.06640625,False,0.209960938,0.46,6.275390625
26.0,172.72,125.0,23.0,0.0,175.26,2,0.0,25.0,162.56,125.0,570.0,92.375,95.0,4.0,0.0,33.0,True,0.0,0.46,2.0
27.0,177.8,170.0,33.0,13.0,187.96,6,2.0,30.0,182.88,170.0,21.21875,86.359375,42.34375,3.296875,2.0,31.0390625,True,0.2734375,0.445625,33.1875
28.0,177.8,155.0,23.0,2.0,185.42,5,1.0,27.0,180.34,155.0,19.5,215.0,7.0,7.0,1.0,10.0,True,0.125,0.41,7.0
29.0,175.26,155.0,28.0,3.0,190.5,6,1.0,29.0,185.42,170.0,68.21875,116.0,556.0,3.0,1.0,8.265625,False,0.25,0.71,5.59375
30.0,187.96,250.0,31.0,3.0,198.12,9,0.0,33.0,190.5,260.0,7.4375,19.0,45.0,13.0,0.0,9.6875,True,0.0,0.46,0.625
31.0,175.26,155.0,30.0,10.0,182.88,5,2.0,24.0,170.18,155.0,239.0,51.5,168.5,9.125,0.0,46.5,True,0.165,0.39875,13.5
32.0,187.96,185.0,28.0,25.0,190.5,7,4.0,31.0,187.96,170.0,268.5697632,36.03857422,133.5720215,1.662597656,0.0,11.88842773,True,0.414624023,0.545795898,6.622009277
33.0,177.8,155.0,29.0,15.0,175.26,5,1.0,34.0,172.72,155.0,13.28480053,35.4375,23.9375,6.75,1.0,63.21137387,False,0.037189841,0.381875,18.84872031
34.0,170.18,135.0,25.0,0.0,175.26,3,0.0,26.0,170.18,135.0,107.03125,92.375,95.0,4.0,0.0,25.9375,False,0.2075,0.46,11.65625
35.0,177.8,265.0,39.0,10.0,195.58,9,4.0,29.0,193.04,238.0,40.77539063,87.4375,173.0,1.75,0.0,44.05664063,True,0.078125,0.536875,14.61328125
36.0,182.88,145.0,27.0,8.0,182.88,4,1.0,25.0,172.72,145.0,60.0,47.75,196.0,0.5,0.0,52.0,True,0.6,0.485,15.5
37.0,180.34,170.0,29.0,3.0,193.04,6,1.0,30.0,182.88,170.0,243.65625,98.0,504.0,8.0,1.0,26.59375,False,0.1971875,0.37,4.0625
38.0,177.8,135.0,28.0,0.0,160.02,3,0.0,27.0,160.02,125.0,120.0,92.375,95.0,4.0,0.0,21.75,True,0.25,0.46,8.828125
39.0,187.96,170.0,27.0,8.0,182.88,6,3.0,37.0,177.8,170.0,491.3202606,160.875,100.9375,0.125,3.0,6.968958221,False,0.38272746,0.24,2.811696574
40.0,172.72,135.0,29.0,2.0,177.8,3,1.0,24.0,170.18,145.0,1.25,0.0,17.0,1.5,0.0,43.0,True,0.0,0.425,5.25
41.0,180.34,205.0,31.0,7.0,190.5,8,2.0,31.0,185.42,205.0,155.75,93.75,36.25,3.75,2.0,2.0859375,True,0.5728125,0.2925,2.52734375
42.0,177.8,155.0,30.0,36.0,182.88,5,4.0,27.0,175.26,155.0,155.0736694,8.269897461,23.78723145,18.77685547,0.0,24.32574463,False,0.206954956,0.326987305,4.504760742
43.0,165.1,125.0,23.0,6.0,160.02,1,1.0,31.0,162.56,115.0,86.40625,87.5,107.5,19.5,1.0,25.96875,True,0.308125,0.43,5.9375
44.0,182.88,170.0,30.0,38.0,203.2,6,4.0,32.0,190.5,170.0,188.5194769,190.9298096,55.61914063,12.84350586,0.0,37.06735229,True,0.345358696,0.287484131,5.699589729
45.0,187.96,205.0,24.0,4.0,187.96,6,1.0,28.0,177.8,170.0,54.0,40.5,36.5,1.0,1.0,4.0,True,0.0,0.515,1.0
46.0,180.34,155.0,27.0,0.0,175.26,5,0.0,24.0,172.72,155.0,120.0,92.375,95.0,4.0,0.0,21.75,True,0.25,0.46,8.828125
47.0,177.8,185.0,27.0,1.0,193.04,7,0.0,31.0,182.88,185.0,205.5,3.0,0.0,0.0,0.0,4.0,True,0.5,0.2,3.0
48.0,175.26,155.0,30.0,15.0,180.34,5,2.0,30.0,180.34,155.0,235.5,252.59375,188.96875,4.78125,0.0,4.25,True,0.2575,0.474375,2.75
49.0,175.26,170.0,29.0,14.0,190.5,6,2.0,33.0,187.96,170.0,82.17651367,58.59375,173.78125,0.09375,2.0,11.76159668,True,0.268798828,0.3940625,2.973022461
50.0,175.26,155.0,29.0,6.0,180.34,5,1.0,32.0,175.26,155.0,249.5,6.0,286.5,7.0,1.0,17.5,False,0.35,0.315,3.5
51.0,177.8,170.0,25.0,0.0,185.42,6,0.0,32.0,177.8,170.0,120.5,92.375,95.0,4.0,0.0,53.0,True,0.0,0.46,13.0
52.0,172.72,135.0,28.0,13.0,175.26,3,4.0,25.0,167.64,140.0,278.0,20.125,200.3125,17.3125,0.0,30.5,False,0.33,0.495,11.5
53.0,180.34,170.0,30.0,5.0,187.96,6,2.0,30.0,177.8,170.0,114.5,72.5,512.5,2.0,2.0,2.375,True,0.7075,0.645,1.875
54.0,180.34,155.0,27.0,0.0,187.96,5,0.0,33.0,175.26,155.0,81.03125,92.375,95.0,4.0,0.0,23.6875,False,0.03125,0.46,4.28125
55.0,187.96,205.0,30.0,10.0,195.58,8,3.0,29.0,187.96,185.0,37.0,106.75,14.125,3.875,3.0,14.8125,True,0.03125,0.25375,4.15625
56.0,190.5,155.0,30.0,6.0,177.8,5,0.0,35.0,175.26,155.0,59.83563232,447.5,47.0,11.0,0.0,12.42657471,False,0.392624512,0.46,7.775024414
57.0,187.96,170.0,29.0,28.0,180.34,7,4.0,32.0,182.88,185.0,162.875,94.88867188,174.2324219,0.814453125,4.0,5.125,False,0.33,0.50203125,3.5
58.0,170.18,125.0,37.0,9.0,177.8,2,2.0,31.0,172.72,125.0,4.09375,2.375,24.375,2.25,0.0,17.03125,True,0.140625,0.48375,1.0
59.0,170.18,145.0,25.0,6.0,177.8,4,1.0,25.0,177.8,145.0,163.0,115.0,117.0,15.0,0.0,14.5,True,0.15,0.415,8.0
60.0,190.5,235.0,38.0,17.0,203.2,9,3.0,28.0,193.04,265.0,458.5117188,12.90625,81.796875,3.109375,0.0,6.80078125,True,0.52640625,0.44359375,1.296875
61.0,162.56,125.0,28.0,6.0,170.18,2,2.0,23.0,160.02,135.0,30.625,113.5,140.0,3.0,2.0,27.625,True,0.25,0.415,5.9375
62.0,177.8,170.0,26.0,10.0,185.42,6,2.0,31.0,182.88,170.0,33.109375,24.25,15.125,5.625,2.0,25.19140625,True,0.002578125,0.53875,8.4375
63.0,185.42,253.0,33.0,11.0,213.36,9,2.0,31.0,210.82,265.0,33.1687603,100.40625,260.5390625,6.9453125,2.0,28.28251362,True,0.047124863,0.449921875,17.5427084
64.0,198.12,205.0,26.0,0.0,193.04,8,0.0,28.0,185.42,205.0,3.0625,92.375,95.0,4.0,0.0,14.375,True,0.0,0.46,9.5
65.0,165.1,125.0,25.0,2.0,175.26,2,0.0,21.0,167.64,125.0,65.5,251.0,141.0,2.0,0.0,55.625,True,0.125,0.28,18.625
66.0,177.8,170.0,27.0,2.0,177.8,6,2.0,25.0,177.8,155.0,85.5,0.0,139.5,0.5,2.0,0.5,True,0.33,0.41,1.5
67.0,172.72,135.0,32.0,9.0,172.72,3,0.0,27.0,167.64,135.0,314.0,111.75,65.25,9.75,0.0,40.0,True,0.37,0.3275,23.0
68.0,187.96,185.0,41.0,49.0,182.88,8,16.0,37.0,180.34,235.0,309.25,76.79661179,4.434995651,16.63492775,16.0,50.078125,False,0.279375,0.53961832,25.421875
69.0,170.18,135.0,31.0,32.0,175.26,3,4.0,38.0,172.72,135.0,204.1074219,84.70996094,309.8398438,7.950195313,1.0,20.49609375,True,0.130859375,0.357978516,15.33984375
70.0,167.64,145.0,35.0,9.0,180.34,4,0.0,27.0,177.8,145.0,18.5,459.25,101.25,2.0,0.0,0.0,True,0.75,0.3075,0.0
71.0,175.26,135.0,28.0,2.0,162.56,3,1.0,24.0,162.56,125.0,56.0,155.0,69.0,2.0,1.0,6.375,True,0.375,0.26,8.75
72.0,172.72,135.0,34.0,6.0,170.18,3,1.0,31.0,165.1,135.0,2.0,156.25,79.75,5.875,0.0,10.0,True,0.0,0.35875,15.0
73.0,185.42,155.0,32.0,0.0,180.34,5,0.0,26.0,175.26,155.0,36.78125,92.375,95.0,4.0,0.0,56.9375,False,0.325,0.46,21.1875
74.0,172.72,155.0,33.0,11.0,180.34,5,1.0,30.0,180.34,155.0,330.0,13.875,40.4375,7.125,1.0,7.5,False,0.515,0.4759375,4.5
75.0,182.88,205.0,30.0,24.0,193.04,8,2.0,32.0,193.04,205.0,33.37634277,293.7578125,261.1464844,2.921875,0.0,33.71276855,True,0.094150391,0.616152344,15.88183594
76.0,162.56,115.0,30.0,0.0,167.64,3,0.0,34.0,175.26,135.0,12.78125,92.375,95.0,4.0,0.0,86.71875,False,0.0,0.46,10.28125
77.0,177.8,170.0,37.0,0.0,187.96,6,0.0,28.0,185.42,170.0,120.0,92.375,95.0,4.0,0.0,21.75,False,0.25,0.46,8.828125
78.0,172.72,145.0,24.0,3.0,175.26,4,1.0,31.0,175.26,145.0,176.75,193.0,407.0,3.0,1.0,16.75,True,0.2225,0.37,7.0
79.0,172.72,145.0,26.0,1.0,175.26,4,0.0,31.0,165.1,145.0,121.0,5.0,34.0,5.0,0.0,40.5,True,0.0,0.26,30.0
80.0,190.5,185.0,29.0,1.0,190.5,8,1.0,27.0,185.42,185.0,329.0,0.0,89.0,4.0,1.0,9.0,True,0.8,0.7,3.0
81.0,172.72,155.0,29.0,11.0,185.42,5,1.0,35.0,175.26,155.0,136.869873,108.5,158.875,6.375,0.0,17.9543457,True,0.390869141,0.3025,5.748046875
82.0,193.04,185.0,26.0,3.0,190.5,7,1.0,30.0,187.96,205.0,32.640625,146.5,0.5,6.0,0.0,18.2890625,True,0.0,0.445,13.6953125
83.0,177.8,135.0,28.0,9.0,185.42,4,1.0,27.0,185.42,145.0,323.0,301.0,38.25,12.25,0.0,54.25,True,0.49,0.3475,12.25
84.0,167.64,135.0,29.0,3.0,175.26,3,0.0,36.0,170.18,135.0,5.349975586,49.0,11.0,14.0,0.0,28.01269531,False,0.000284424,0.42,16.01757813
85.0,170.18,145.0,26.0,0.0,182.88,5,0.0,25.0,177.8,145.0,120.0,92.375,95.0,4.0,0.0,21.75,True,0.25,0.46,8.828125
86.0,175.26,135.0,33.0,3.0,172.72,3,0.0,30.0,167.64,135.0,115.0,309.0,0.0,16.0,0.0,36.0,False,0.22,0.5,10.0
87.0,180.34,205.0,30.0,1.0,187.96,8,1.0,29.0,187.96,205.0,199.9414063,0.0,6.0,0.0,1.0,22.53125,True,0.259765625,0.56,9.9609375
88.0,185.42,185.0,33.0,7.0,190.5,7,1.0,25.0,180.34,170.0,324.0,48.34375,37.0,1.03125,0.0,9.0,True,0.71,0.514375,11.0
89.0,185.42,155.0,22.0,0.0,182.88,5,0.0,28.0,182.88,155.0,32.0,92.375,95.0,4.0,0.0,12.0,True,0.0,0.46,1.0
90.0,185.42,205.0,26.0,4.0,190.5,8,0.0,32.0,185.42,205.0,29.0,455.5,0.0,0.0,0.0,5.0,False,0.0,0.465,4.0
91.0,177.8,155.0,27.0,19.0,185.42,5,4.0,26.0,185.42,145.0,33.0703125,117.484375,144.34375,4.9921875,0.0,14.4296875,True,0.14453125,0.382148438,2.015625
92.0,175.26,185.0,40.0,26.0,198.12,7,2.0,37.0,185.42,185.0,321.8127041,5.735351563,62.22265625,13.65625,0.0,20.31608582,False,0.208352604,0.520908203,6.186279297
93.0,160.02,125.0,29.0,6.0,172.72,2,1.0,32.0,167.64,125.0,53.375,205.0,35.0,1.5,1.0,7.5625,True,0.169375,0.515,7.75
94.0,175.26,155.0,29.0,10.0,172.72,5,4.0,33.0,172.72,145.0,115.4491615,15.0,40.875,20.625,4.0,19.66828918,False,0.148132858,0.42875,4.23141098
95.0,180.34,155.0,28.0,8.0,175.26,4,3.0,26.0,172.72,145.0,43.375,28.5,77.0,21.25,3.0,40.0,True,0.04125,0.4925,13.75
96.0,175.26,170.0,21.0,3.0,177.8,5,0.0,28.0,177.8,170.0,41.0,108.0,250.0,1.0,0.0,36.5,True,0.5,0.27,10.5
97.0,162.56,125.0,33.0,6.0,167.64,2,2.0,33.0,167.64,125.0,48.58007813,119.0,68.5,10.5,2.0,29.09277344,True,0.1171875,0.49,10.21484375
98.0,190.5,185.0,26.0,2.0,193.04,7,1.0,31.0,182.88,185.0,18.0,193.0,137.0,2.0,1.0,6.0,True,0.0,0.58,0.0
99.0,198.12,205.0,27.0,3.0,200.66,8,3.0,30.0,190.5,205.0,221.9030762,1.25,4.0,0.75,3.0,33.23803711,True,0.25263916,0.6925,6.240234375
100.0,177.8,155.0,31.0,0.0,187.96,5,0.0,32.0,180.34,155.0,49.75,92.375,95.0,4.0,0.0,17.5,True,0.17,0.46,14.5
101.0,190.5,205.0,28.0,6.0,200.66,8,1.0,28.0,187.96,205.0,242.328125,93.5,66.0,1.75,0.0,8.78125,True,0.515390625,0.495,2.6875
102.0,185.42,185.0,27.0,1.0,198.12,7,1.0,33.0,185.42,185.0,226.9384766,34.0,74.0,0.0,1.0,23.48339844,False,0.589091797,0.73,10.67382813
103.0,187.96,185.0,22.0,6.0,195.58,7,4.0,36.0,185.42,185.0,129.6242371,5.5,85.125,0.75,4.0,47.02355957,True,0.21164856,0.465,21.4130249
104.0,185.42,155.0,27.0,3.0,182.88,5,0.0,27.0,182.88,145.0,0.0,551.0,101.0,9.0,0.0,11.0,True,0.0,0.42,6.0
105.0,180.34,170.0,29.0,19.0,193.04,6,2.0,33.0,180.34,170.0,239.0625,75.0390625,41.375,3.3828125,2.0,46.109375,True,0.4575,0.420703125,20.25
106.0,175.26,155.0,28.0,8.0,177.8,5,2.0,24.0,172.72,155.0,157.0,88.625,32.0,7.0,0.0,15.5,True,0.33,0.46625,14.0
107.0,190.5,265.0,30.0,0.0,193.04,9,0.0,33.0,190.5,235.0,120.0,92.375,95.0,4.0,0.0,21.75,False,0.25,0.46,8.828125
108.0,172.72,135.0,25.0,23.0,172.72,3,3.0,38.0,167.64,135.0,239.5,133.9414063,36.4375,15.04296875,0.0,11.75,False,0.42375,0.45296875,11.875
109.0,193.04,205.0,23.0,13.0,193.04,8,3.0,29.0,185.42,205.0,92.0,3.8125,179.078125,3.96875,3.0,20.4375,True,0.056875,0.60515625,10.75
110.0,154.94,115.0,26.0,9.0,165.1,1,3.0,23.0,165.1,115.0,524.25,77.75,313.0,6.0,3.0,21.75,True,0.7325,0.505,10.5
111.0,165.1,115.0,33.0,15.0,160.02,1,3.0,30.0,162.56,115.0,210.6015625,186.6875,101.125,23.5,0.0,24.234375,True,0.55984375,0.441875,18.375
112.0,172.72,145.0,31.0,0.0,175.26,4,0.0,26.0,165.1,135.0,120.0,92.375,95.0,4.0,0.0,21.75,True,0.25,0.46,8.828125
113.0,182.88,170.0,30.0,1.0,180.34,6,0.0,30.0,177.8,170.0,103.0625,119.0,0.0,0.0,0.0,27.125,True,0.5625,0.18,31.30078125
114.0,185.42,185.0,37.0,8.0,190.5,7,3.0,29.0,187.96,185.0,78.85394287,250.375,67.375,4.125,0.0,25.93243408,True,0.1875,0.6475,11.95318604
115.0,187.96,240.0,40.0,6.0,200.66,9,2.0,34.0,198.12,255.0,17.85314941,122.0,163.5,1.875,2.0,22.29473877,True,0.057200317,0.4325,10.52966309
116.0,177.8,185.0,29.0,3.0,185.42,7,0.0,36.0,177.8,185.0,85.0,505.0,94.0,2.0,0.0,6.75,True,0.25,0.38,1.5
117.0,177.8,145.0,23.0,1.0,180.34,4,0.0,24.0,175.26,145.0,120.0,172.0,0.0,0.0,0.0,21.75,False,0.25,0.28,8.828125
118.0,182.88,185.0,23.0,4.0,195.58,7,1.0,38.0,185.42,185.0,40.6875,273.0,102.5,2.0,1.0,18.8125,False,0.375,0.56,4.4375
119.0,182.88,185.0,26.0,5.0,182.88,7,0.0,27.0,187.96,185.0,120.0,76.75,95.25,4.25,0.0,21.75,True,0.25,0.43,8.828125
120.0,182.88,185.0,32.0,13.0,190.5,6,1.0,35.0,180.34,170.0,193.283783,16.46875,22.83203125,0.078125,1.0,30.96548462,False,0.090423584,0.527265625,17.74841309
121.0,180.34,170.0,29.0,3.0,182.88,6,1.0,34.0,182.88,170.0,178.15625,76.0,9.0,20.0,1.0,22.1875,True,0.15625,0.43,15.3125
122.0,190.5,185.0,33.0,12.0,182.88,7,2.0,30.0,185.42,170.0,165.0,276.75,144.1875,8.1875,2.0,2.0,True,0.56,0.653125,1.5
123.0,185.42,170.0,27.0,4.0,187.96,6,0.0,24.0,187.96,170.0,138.125,241.5,189.0,0.0,0.0,17.125,True,0.0,0.12,13.5
124.0,182.88,185.0,39.0,19.0,198.12,7,7.0,32.0,187.96,185.0,213.8242188,87.125,103.78125,8.484375,7.0,27.9296875,False,0.523164063,0.5428125,15.81640625
125.0,165.1,135.0,27.0,0.0,172.72,3,0.0,27.0,172.72,135.0,185.0,92.375,95.0,4.0,0.0,22.0,False,1.0,0.46,4.0
126.0,177.8,170.0,25.0,1.0,190.5,6,1.0,27.0,182.88,170.0,120.0,202.0,60.0,0.0,1.0,21.75,True,0.25,0.5,8.828125
127.0,170.18,135.0,28.0,18.0,167.64,3,3.0,30.0,167.64,135.0,158.3515625,270.359375,200.4375,5.203125,1.0,14.6796875,True,0.102109375,0.59765625,9.6328125
128.0,172.72,155.0,27.0,10.0,177.8,5,2.0,28.0,175.26,155.0,128.5957031,44.125,2.5,9.625,2.0,53.59472656,True,0.28515625,0.30125,17.97363281
129.0,187.96,185.0,31.0,25.0,198.12,7,4.0,32.0,187.96,185.0,119.4121094,8.833007813,94.48046875,6.935546875,1.0,19.96484375,True,0.321582031,0.517910156,9.408203125
130.0,172.72,155.0,25.0,0.0,172.72,5,0.0,25.0,167.64,135.0,302.0,92.375,95.0,4.0,0.0,13.0,True,0.53,0.46,13.0
131.0,175.26,155.0,28.0,3.0,177.8,5,0.0,36.0,175.26,155.0,58.234375,183.0,78.0,25.0,0.0,18.296875,True,0.16875,0.57,11.71875
132.0,170.18,155.0,27.0,13.0,177.8,5,2.0,24.0,175.26,155.0,136.3125,176.5,389.0,5.375,0.0,11.53125,False,0.68125,0.5175,2.6875
133.0,177.8,185.0,26.0,3.0,185.42,7,0.0,30.0,177.8,185.0,168.40625,37.0,127.0,8.0,0.0,6.90625,False,0.1975,0.52,23.21875
134.0,190.5,185.0,24.0,1.0,190.5,6,1.0,28.0,185.42,170.0,168.5,45.0,58.0,4.0,1.0,24.5625,False,0.140625,0.61,10.9375
135.0,154.94,115.0,28.0,20.0,157.48,1,3.0,26.0,154.94,115.0,344.894043,170.984375,219.0,7.375,3.0,49.375,True,0.48015625,0.5478125,24.30224609
136.0,167.64,125.0,29.0,0.0,167.64,3,0.0,26.0,170.18,135.0,120.0,92.375,95.0,4.0,0.0,21.75,True,0.25,0.46,8.828125
137.0,180.34,170.0,28.0,13.0,182.88,6,1.0,31.0,170.18,170.0,222.6757813,390.375,9.6875,5.125,0.0,23.71875,True,0.441552734,0.473125,20.20605469
138.0,177.8,155.0,25.0,20.0,180.34,4,2.0,28.0,175.26,145.0,151.7183189,286.953125,169.734375,3.49609375,2.0,43.90640259,True,0.41869339,0.537626953,13.29907227
139.0,167.64,125.0,29.0,4.0,170.18,3,1.0,26.0,167.64,125.0,371.0,210.0,170.5,5.5,0.0,5.5,True,0.21,0.485,1.5
140.0,185.42,185.0,39.0,61.0,187.96,7,8.0,41.0,182.88,185.0,0.549972534,132.1739423,75.7930088,12.78262687,8.0,15.99781764,False,2.03e-06,0.472029827,10.05361849
141.0,193.04,205.0,29.0,17.0,190.5,8,3.0,38.0,182.88,205.0,151.7565598,193.90625,38.171875,1.421875,0.0,21.71075058,True,0.207444253,0.4234375,12.39190483
142.0,190.5,205.0,30.0,5.0,190.5,7,2.0,27.0,182.88,185.0,67.625,246.5,251.0,4.0,2.0,7.0,True,0.375,0.805,7.25
143.0,182.88,205.0,26.0,4.0,185.42,7,2.0,35.0,182.88,170.0,126.0,80.0,341.0,0.0,2.0,5.5,False,1.0,0.315,1.5
144.0,182.88,170.0,35.0,12.0,187.96,6,2.0,34.0,182.88,170.0,485.7832031,106.25,283.75,4.8125,0.0,8.115234375,True,0.489804688,0.44625,2.134765625
145.0,193.04,231.0,34.0,7.0,185.42,9,2.0,35.0,182.88,263.0,204.375,30.5,60.625,4.125,0.0,12.75,True,0.53125,0.7025,14.0
146.0,193.04,205.0,29.0,0.0,193.04,8,0.0,31.0,182.88,205.0,120.0,92.375,95.0,4.0,0.0,21.75,True,0.25,0.46,8.828125
147.0,182.88,265.0,29.0,0.0,203.2,9,0.0,31.0,195.58,265.0,33.75,92.375,95.0,4.0,0.0,7.75,False,0.0,0.46,0.0
148.0,190.5,170.0,28.0,0.0,187.96,7,0.0,22.0,185.42,185.0,120.0,92.375,95.0,4.0,0.0,21.75,True,0.25,0.46,8.828125
149.0,167.64,125.0,35.0,25.0,167.64,2,2.0,34.0,167.64,125.0,15.39501953,88.80566406,135.0957031,27.33691406,1.0,64.52319336,True,0.029296875,0.495244141,28.30371094
150.0,185.42,205.0,25.0,0.0,200.66,7,0.0,23.0,198.12,185.0,120.0,92.375,95.0,4.0,0.0,21.75,True,0.25,0.46,8.828125
151.0,175.26,155.0,25.0,13.0,180.34,5,2.0,31.0,175.26,155.0,407.59375,74.25,163.8125,7.375,2.0,4.71875,True,0.5909375,0.270625,7.5625
152.0,177.8,145.0,24.0,3.0,180.34,4,0.0,29.0,175.26,145.0,120.25,815.0,0.0,0.0,0.0,21.75,True,0.225,0.66,10.75
153.0,177.8,170.0,27.0,0.0,187.96,6,0.0,33.0,185.42,170.0,4.0,92.375,95.0,4.0,0.0,49.0,False,0.0,0.46,24.0
154.0,190.5,230.0,31.0,25.0,193.04,8,2.0,36.0,187.96,205.0,287.0273438,41.875,13.171875,5.865234375,0.0,18.7734375,True,0.293125,0.422382813,6.6484375
155.0,182.88,145.0,31.0,0.0,180.34,4,0.0,38.0,172.72,145.0,54.33004761,92.375,95.0,4.0,0.0,21.24630737,False,0.199010925,0.46,14.32644653
156.0,190.5,170.0,26.0,5.0,185.42,6,1.0,30.0,182.88,170.0,162.0,250.5,135.5,3.5,1.0,46.0,True,0.66,0.48,4.0
157.0,193.04,205.0,29.0,18.0,193.04,8,3.0,36.0,185.42,205.0,46.71264648,104.453125,21.0859375,1.7109375,0.0,63.57627869,True,0.39852951,0.54171875,6.629577637
158.0,193.04,231.0,37.0,20.0,195.58,9,5.0,32.0,185.42,240.0,648.7250977,90.578125,105.3320313,9.44140625,0.0,28.46533203,True,0.192568359,0.615703125,12.53125
159.0,170.18,135.0,24.0,3.0,162.56,3,1.0,29.0,167.64,145.0,10.0,194.0,485.0,8.0,1.0,0.5,True,0.0,0.4,5.0
160.0,175.26,135.0,28.0,0.0,167.64,3,0.0,34.0,175.26,135.0,8.5625,92.375,95.0,4.0,0.0,23.4375,True,0.0,0.46,9.5625
161.0,180.34,145.0,30.0,32.0,182.88,5,4.0,29.0,177.8,155.0,17.0,24.67724609,59.12243652,8.287841797,4.0,42.9921875,True,0.00515625,0.454243164,20.3125
162.0,190.5,205.0,28.0,28.0,193.04,8,3.0,38.0,187.96,205.0,114.9239502,16.35546875,393.6123047,3.127929688,2.0,13.63208008,True,0.680151367,0.52265625,8.209472656
163.0,172.72,155.0,27.0,5.0,177.8,5,3.0,30.0,175.26,170.0,279.890625,43.5,112.25,0.25,3.0,29.10546875,True,0.565898438,0.3725,15.421875
164.0,187.96,170.0,29.0,7.0,180.34,5,2.0,33.0,175.26,155.0,496.546875,223.25,28.5,2.25,2.0,6.734375,True,0.4340625,0.4325,3.296875
165.0,170.18,155.0,28.0,18.0,180.34,5,2.0,29.0,167.64,155.0,43.0,303.25,418.0,19.1875,0.0,20.0,False,0.18,0.58375,4.0
166.0,170.18,135.0,27.0,3.0,162.56,3,1.0,23.0,165.1,125.0,120.0,5.0,835.0,1.0,1.0,21.75,True,0.25,0.66,8.828125
167.0,170.18,155.0,26.0,6.0,172.72,5,1.0,28.0,172.72,155.0,6.125,131.5,351.5,5.5,0.0,71.3125,True,0.0,0.365,23.875
168.0,167.64,125.0,30.0,8.0,167.64,3,1.0,30.0,165.1,135.0,119.625,303.25,78.125,3.625,0.0,35.25,True,0.04625,0.43125,8.75
169.0,175.26,155.0,34.0,13.0,195.58,6,1.0,27.0,187.96,170.0,61.40625,303.0,324.25,0.8125,1.0,5.1875,True,0.03125,0.306875,11.0
170.0,185.42,205.0,33.0,17.0,195.58,7,3.0,35.0,187.96,185.0,75.71777344,37.578125,601.71875,15.921875,0.0,40.31835938,False,0.06640625,0.5440625,2.828125
171.0,190.5,155.0,28.0,7.0,185.42,5,3.0,20.0,180.34,170.0,341.5,50.0,17.5,5.25,3.0,13.5,True,0.43,0.225,1.5
172.0,177.8,170.0,29.0,8.0,172.72,6,2.0,34.0,180.34,170.0,130.8225098,432.0,18.25,8.75,2.0,46.1126709,True,0.215087891,0.4475,26.52026367
173.0,193.04,205.0,30.0,10.0,213.36,8,6.0,32.0,193.04,205.0,224.7459154,71.75,19.40625,7.1875,6.0,57.7664547,False,0.152359142,0.599375,17.97950077
174.0,167.64,135.0,37.0,21.0,175.26,3,3.0,37.0,172.72,135.0,4.625,278.59375,82.828125,9.859375,3.0,21.625,True,0.0,0.46859375,6.5
175.0,170.18,155.0,34.0,20.0,172.72,5,2.0,33.0,170.18,155.0,217.4394531,193.625,349.5,19.09375,0.0,17.16210938,False,0.052695313,0.616875,12.01171875
176.0,172.72,135.0,25.0,18.0,172.72,3,3.0,32.0,170.18,145.0,17.125,126.765625,20.75,12.171875,0.0,38.0,False,0.75,0.401875,22.125
177.0,167.64,145.0,30.0,0.0,170.18,4,0.0,31.0,172.72,145.0,74.84375,92.375,95.0,4.0,0.0,13.03710938,False,0.13984375,0.46,5.979492188
178.0,177.8,205.0,36.0,20.0,190.5,8,3.0,29.0,187.96,205.0,124.1875,12.43554688,93.70507813,6.0,0.0,32.875,True,0.32,0.483769531,19.78125
179.0,193.04,238.0,35.0,52.0,203.2,9,9.0,28.0,193.04,265.0,412.7558594,15.42399216,9.218530655,3.373420715,9.0,4.400390625,True,0.763203125,0.574966602,1.1484375
180.0,180.34,170.0,26.0,19.0,177.8,5,2.0,30.0,172.72,155.0,207.3359375,237.0078125,230.1484375,5.2890625,0.0,13.0703125,True,0.419921875,0.473203125,2.84375
181.0,170.18,135.0,25.0,4.0,172.72,3,2.0,33.0,170.18,145.0,26.0625,86.5,8.5,1.5,2.0,65.0,False,0.54,0.525,25.5625
182.0,170.18,135.0,30.0,0.0,167.64,3,0.0,27.0,165.1,135.0,120.0,92.375,95.0,4.0,0.0,21.75,True,0.25,0.46,8.828125
183.0,170.18,155.0,30.0,3.0,177.8,4,1.0,29.0,170.18,145.0,376.5625,27.0,127.0,6.0,1.0,34.09375,True,0.586875,0.51,12.65625
184.0,154.94,115.0,27.0,10.0,160.02,1,2.0,27.0,162.56,115.0,90.75,168.375,41.0,17.125,0.0,22.5,True,0.04,0.4425,19.75
185.0,182.88,170.0,24.0,0.0,193.04,6,0.0,33.0,180.34,170.0,181.125,92.375,95.0,4.0,0.0,58.21875,True,0.375,0.46,18.5
186.0,170.18,135.0,25.0,6.0,165.1,4,2.0,30.0,175.26,145.0,143.0,67.25,7.5,5.75,0.0,29.75,False,0.0,0.52,19.25
187.0,162.56,115.0,33.0,15.0,162.56,1,4.0,32.0,160.02,115.0,44.53125,56.15625,211.25,9.625,1.0,60.625,True,0.25,0.363125,36.78125
188.0,180.34,145.0,21.0,6.0,172.72,4,2.0,33.0,177.8,145.0,16.75,41.75,18.25,2.25,0.0,31.453125,True,0.04125,0.31,15.53125
189.0,172.72,155.0,24.0,0.0,180.34,5,0.0,22.0,175.26,145.0,223.875,92.375,95.0,4.0,0.0,8.0,False,0.625,0.46,10.0
190.0,182.88,170.0,30.0,14.0,187.96,6,3.0,35.0,185.42,170.0,143.25,21.0,8.4375,5.484375,0.0,20.125,True,0.71875,0.4775,7.8125
191.0,185.42,155.0,32.0,0.0,177.8,5,0.0,41.0,175.26,155.0,28.96644497,92.375,95.0,4.0,0.0,39.15004253,True,0.174595261,0.46,25.5212841
192.0,180.34,185.0,43.0,30.0,187.96,8,4.0,36.0,182.88,185.0,14.39648438,188.640625,79.3203125,5.673828125,2.0,6.720657349,True,0.000259399,0.407363281,2.863166809
193.0,185.42,185.0,26.0,8.0,190.5,7,1.0,27.0,190.5,185.0,78.0,296.75,187.5,7.75,1.0,11.5,False,0.0,0.615,4.0
194.0,167.64,125.0,31.0,20.0,182.88,2,1.0,31.0,170.18,125.0,0.0,232.921875,47.28125,10.609375,0.0,0.0,True,0.0,0.35046875,0.0
195.0,190.5,205.0,33.0,14.0,185.42,7,5.0,40.0,182.88,185.0,211.6953125,108.9453125,166.515625,7.6953125,0.0,29.4765625,False,0.33875,0.604921875,33.625
196.0,172.72,145.0,27.0,4.0,182.88,5,1.0,27.0,180.34,155.0,120.0,32.5,495.5,0.0,0.0,21.75,True,0.25,0.64,8.828125
197.0,177.8,145.0,32.0,37.0,177.8,4,5.0,26.0,172.72,145.0,314.0,84.94671631,577.6642456,1.803710938,1.0,6.875,True,0.625,0.52960083,0.75
198.0,182.88,185.0,37.0,24.0,190.5,7,4.0,26.0,187.96,170.0,394.71875,33.54370117,182.4146729,2.322143555,3.0,11.875,True,0.7675,0.552025757,6.46875
199.0,190.5,155.0,29.0,11.0,182.88,5,5.0,27.0,177.8,155.0,144.3984375,199.5,24.625,3.5625,5.0,33.796875,True,0.2759375,0.42125,24.25
200.0,190.5,205.0,29.0,6.0,195.58,8,3.0,24.0,190.5,205.0,109.71875,11.75,112.25,1.25,3.0,29.46875,True,0.0,0.56,4.125
201.0,180.34,145.0,24.0,6.0,177.8,4,2.0,30.0,170.18,145.0,35.5,160.5,533.5,2.0,2.0,42.0,True,0.265,0.5,24.0
202.0,180.34,155.0,33.0,8.0,180.34,5,3.0,27.0,175.26,155.0,120.0,38.0,49.0,7.0,3.0,21.75,True,0.25,0.36125,8.828125
203.0,187.96,185.0,33.0,20.0,185.42,8,2.0,30.0,185.42,205.0,125.0625,26.27734375,111.828125,9.73828125,2.0,16.25,True,0.0825,0.379726563,9.125
204.0,182.88,170.0,29.0,0.0,198.12,7,0.0,27.0,185.42,185.0,120.0,92.375,95.0,4.0,0.0,21.75,True,0.25,0.46,8.828125
205.0,175.26,145.0,32.0,1.0,177.8,0,1.0,38.0,177.8,155.0,81.15590668,33.0,95.0,0.0,1.0,25.48911667,True,0.308917274,0.41,9.419315338
206.0,175.26,145.0,30.0,1.0,177.8,4,0.0,27.0,180.34,145.0,39.7265625,18.0,4.0,3.0,0.0,11.609375,True,0.02203125,0.5,3.625
207.0,190.5,205.0,27.0,7.0,193.04,8,2.0,37.0,185.42,205.0,23.35632324,92.375,61.875,3.1875,2.0,33.78813934,True,0.199264755,0.6525,3.314788818
208.0,187.96,205.0,32.0,1.0,200.66,8,1.0,35.0,185.42,205.0,47.875,0.0,6.0,3.0,1.0,16.75,True,0.125,0.65,6.0
209.0,175.26,170.0,31.0,0.0,182.88,6,0.0,25.0,177.8,170.0,192.1484375,92.375,95.0,4.0,0.0,29.60546875,True,0.525898438,0.46,9.03515625
210.0,170.18,145.0,33.0,0.0,177.8,4,0.0,29.0,170.18,145.0,187.0368042,92.375,95.0,4.0,0.0,7.122741699,False,0.268300171,0.46,9.93371582
211.0,177.8,155.0,32.0,2.0,180.34,5,0.0,21.0,182.88,170.0,115.25,279.0,0.0,6.0,0.0,8.8125,True,0.15,0.2,1.375
212.0,172.72,145.0,27.0,23.0,177.8,5,4.0,30.0,177.8,155.0,66.1875,449.5,107.8828125,2.6953125,1.0,56.84375,True,0.1103125,0.406640625,9.03125
213.0,195.58,265.0,32.0,15.0,198.12,9,2.0,35.0,190.5,249.0,309.9345703,2.21875,91.359375,14.234375,0.0,51.93603516,True,0.322094727,0.53796875,11.91601563
214.0,175.26,170.0,26.0,6.0,190.5,6,1.0,29.0,182.88,170.0,86.78125,40.25,31.625,0.875,0.0,13.40625,True,0.2890625,0.435,6.28125
215.0,167.64,125.0,27.0,1.0,167.64,2,0.0,23.0,165.1,125.0,199.5,0.0,94.0,0.0,0.0,24.0,True,0.665,0.31,10.5
216.0,170.18,155.0,25.0,11.0,177.8,5,1.0,24.0,175.26,155.0,359.125,36.5,328.875,6.5,1.0,9.5625,True,0.21,0.35875,3.75
217.0,182.88,185.0,40.0,18.0,190.5,7,4.0,29.0,185.42,185.0,218.953125,21.515625,72.9921875,2.5,2.0,23.25,False,0.3146875,0.32046875,9.109375
218.0,190.5,185.0,38.0,29.0,190.5,7,2.0,29.0,187.96,185.0,38.0,127.6748047,268.78125,3.731445313,0.0,49.0,True,0.0,0.530058594,4.0
219.0,180.34,170.0,29.0,4.0,190.5,6,1.0,24.0,180.34,170.0,223.25,456.0,45.0,1.0,1.0,13.5,True,0.4,0.485,4.5
220.0,187.96,170.0,27.0,11.0,193.04,6,4.0,28.0,185.42,185.0,180.71875,90.125,62.875,6.3125,0.0,83.20800781,True,0.145175781,0.40125,9.12109375
221.0,172.72,155.0,30.0,3.0,190.5,5,1.0,28.0,187.96,170.0,59.0,1.0,254.0,13.0,1.0,46.0,False,0.0,0.45,6.0
222.0,175.26,170.0,31.0,43.0,185.42,6,7.0,25.0,182.88,170.0,61.125,111.1251602,55.71073151,30.48256683,0.0,15.875,True,0.25,0.487799911,8.25
223.0,187.96,185.0,28.0,8.0,190.5,7,1.0,24.0,187.96,185.0,52.5,258.5,211.625,2.25,1.0,31.0,False,0.195,0.39,24.25
224.0,182.88,205.0,39.0,19.0,213.36,8,2.0,23.0,193.04,205.0,138.3125,40.375,192.0625,8.859375,1.0,7.375,True,0.64875,0.366875,2.5625
225.0,167.64,185.0,30.0,6.0,195.58,7,1.0,32.0,185.42,185.0,158.2695313,16.5,280.0,4.0,1.0,37.89453125,True,0.176328125,0.5,12.48046875
226.0,187.96,242.0,34.0,26.0,203.2,9,4.0,31.0,193.04,240.0,108.5625,2.604049683,21.27200317,0.805038452,4.0,57.6875,True,0.303125,0.685727844,6.5
227.0,185.42,185.0,32.0,21.0,190.5,7,3.0,28.0,185.42,185.0,207.8125,9.76953125,234.7539063,3.400390625,3.0,25.0,False,0.16875,0.410996094,12.4375
228.0,167.64,125.0,30.0,18.0,162.56,2,1.0,28.0,162.56,135.0,294.5,307.75,113.0625,1.75,1.0,34.5,True,0.425,0.4471875,17.0
229.0,170.18,145.0,26.0,5.0,177.8,4,2.0,33.0,175.26,145.0,138.0,207.0,110.0,2.75,2.0,30.0,True,0.0,0.5375,11.0
230.0,177.8,155.0,26.0,0.0,180.34,5,0.0,32.0,175.26,155.0,200.8242188,92.375,95.0,4.0,0.0,2.96484375,True,0.240117188,0.46,1.1953125
231.0,187.96,155.0,25.0,7.0,187.96,5,2.0,35.0,190.5,155.0,73.875,219.75,216.5,3.25,2.0,8.078125,True,0.4578125,0.4425,5.84375
232.0,187.96,255.0,28.0,3.0,205.74,9,1.0,29.0,193.04,245.0,85.0,0.0,0.0,35.0,1.0,41.0,True,0.5,0.61,6.0
233.0,175.26,155.0,27.0,16.0,185.42,5,1.0,26.0,177.8,155.0,155.09375,44.9375,125.890625,8.390625,0.0,44.90625,True,0.4184375,0.45078125,8.1875
234.0,170.18,125.0,29.0,3.0,172.72,2,0.0,30.0,170.18,125.0,120.0,64.0,369.0,10.0,0.0,21.75,False,0.25,0.42,8.828125
235.0,187.96,185.0,21.0,5.0,187.96,7,3.0,31.0,185.42,185.0,124.8145294,11.0,166.25,1.5,3.0,36.7600708,True,0.068757935,0.57,18.62602234
236.0,182.88,155.0,32.0,2.0,180.34,5,0.0,30.0,182.88,155.0,21.0234375,84.0,0.0,6.0,0.0,16.2109375,False,0.26828125,0.34,5.8515625
237.0,190.5,185.0,33.0,11.0,203.2,7,3.0,33.0,190.5,185.0,230.09375,85.328125,114.765625,1.609375,3.0,1.59375,True,0.1484375,0.4315625,3.71875
238.0,185.42,185.0,31.0,8.0,182.88,7,1.0,32.0,182.88,185.0,225.0625,422.75,119.75,9.75,0.0,5.640625,True,0.411875,0.5075,4.78125
239.0,190.5,185.0,25.0,0.0,190.5,7,0.0,29.0,185.42,185.0,120.0,92.375,95.0,4.0,0.0,21.75,True,0.25,0.46,8.828125
240.0,172.72,125.0,25.0,17.0,162.56,2,2.0,31.0,165.1,125.0,88.0,178.0625,120.03125,6.21875,0.0,64.75,True,0.1625,0.3603125,15.25
241.0,180.34,170.0,22.0,11.0,193.04,6,3.0,20.0,185.42,185.0,403.0,43.75,204.4375,1.4375,3.0,1.0,False,0.46,0.470625,0.0
242.0,172.72,135.0,34.0,2.0,165.1,3,1.0,24.0,172.72,135.0,29.0,81.0,33.0,2.0,1.0,45.0,True,0.33,0.5,23.0
243.0,165.1,115.0,35.0,15.0,152.4,1,2.0,27.0,154.94,115.0,215.0,181.6875,367.625,9.6875,0.0,66.0625,True,0.3225,0.49375,23.5625
244.0,185.42,205.0,39.0,19.0,182.88,9,7.0,25.0,193.04,265.0,425.125,123.4375,376.8125,5.8125,7.0,2.75,True,0.6225,0.78078125,2.0
245.0,162.56,135.0,28.0,9.0,170.18,2,3.0,30.0,165.1,125.0,138.1875,26.0,299.75,2.5,3.0,10.75,True,0.571875,0.47,7.25
246.0,170.18,135.0,28.0,8.0,172.72,3,1.0,34.0,167.64,135.0,85.25,78.75,42.75,2.25,0.0,11.25,True,0.2,0.28,9.75
247.0,182.88,205.0,24.0,4.0,177.8,8,1.0,32.0,180.34,205.0,137.5,0.0,1.0,3.5,0.0,0.25,False,0.685,0.605,7.5
248.0,175.26,155.0,30.0,0.0,182.88,5,0.0,24.0,177.8,155.0,29.8125,92.375,95.0,4.0,0.0,23.1875,False,0.0625,0.46,8.375
249.0,177.8,155.0,26.0,8.0,177.8,5,3.0,29.0,175.26,170.0,330.5625,103.25,58.0,2.375,0.0,48.421875,True,0.26359375,0.52125,20.6875
250.0,172.72,155.0,30.0,27.0,177.8,5,2.0,31.0,180.34,155.0,90.875,52.75292969,23.24462891,2.776367188,2.0,35.625,False,0.125,0.346147461,23.5
251.0,172.72,145.0,28.0,5.0,170.18,3,1.0,31.0,180.34,135.0,496.5,205.5,25.0,8.5,1.0,18.0,True,0.33,0.4,5.5
252.0,162.56,135.0,31.0,21.0,167.64,2,4.0,31.0,160.02,125.0,720.7957764,1.9375,314.1796875,6.265625,4.0,31.22219849,True,0.742101746,0.45125,10.83729553
253.0,182.88,170.0,27.0,0.0,187.96,7,0.0,26.0,182.88,185.0,120.0,92.375,95.0,4.0,0.0,21.75,False,0.25,0.46,8.828125
254.0,185.42,185.0,29.0,6.0,193.04,7,2.0,28.0,193.04,205.0,32.375,21.5,374.5,4.0,2.0,32.875,True,0.05,0.54,7.0
255.0,180.34,170.0,29.0,0.0,182.88,6,0.0,36.0,177.8,170.0,168.2703857,92.375,95.0,4.0,0.0,39.2512207,True,0.469727783,0.46,13.96624756
256.0,177.8,170.0,28.0,0.0,180.34,6,0.0,29.0,182.88,170.0,30.65625,92.375,95.0,4.0,0.0,27.3125,True,0.393125,0.46,3.0625
257.0,180.34,155.0,35.0,30.0,190.5,5,3.0,33.0,180.34,145.0,28.14939404,147.5209961,91.14404297,14.00634766,2.0,44.68649006,True,0.018205032,0.492387695,10.17130756
258.0,167.64,135.0,41.0,21.0,172.72,3,2.0,36.0,167.64,145.0,191.75,289.21875,102.28125,1.8984375,2.0,17.3125,True,0.3125,0.514609375,5.1875
259.0,182.88,155.0,25.0,0.0,180.34,5,0.0,28.0,170.18,155.0,120.0,92.375,95.0,4.0,0.0,21.75,True,0.25,0.46,8.828125
260.0,170.18,135.0,30.0,26.0,172.72,3,5.0,29.0,172.72,135.0,449.0,82.28515625,328.125,1.5703125,1.0,56.0,True,0.41,0.327070313,29.0
261.0,172.72,155.0,26.0,0.0,182.88,5,0.0,30.0,177.8,155.0,120.0,92.375,95.0,4.0,0.0,21.75,True,0.25,0.46,8.828125
262.0,165.1,115.0,35.0,15.0,152.4,1,2.0,27.0,154.94,115.0,215.0,181.6875,367.625,9.6875,0.0,66.0625,True,0.3225,0.49375,23.5625
263.0,180.34,170.0,28.0,13.0,182.88,6,1.0,31.0,170.18,170.0,222.6757813,390.375,9.6875,5.125,0.0,23.71875,True,0.441552734,0.473125,20.20605469
264.0,180.34,145.0,24.0,6.0,177.8,4,2.0,30.0,170.18,145.0,35.5,160.5,533.5,2.0,2.0,42.0,True,0.265,0.5,24.0
265.0,170.18,135.0,27.0,3.0,162.56,3,1.0,23.0,165.1,125.0,120.0,5.0,835.0,1.0,1.0,21.75,True,0.25,0.66,8.828125
266.0,190.5,170.0,28.0,0.0,187.96,7,0.0,22.0,185.42,185.0,120.0,92.375,95.0,4.0,0.0,21.75,True,0.25,0.46,8.828125
267.0,185.42,185.0,30.0,4.0,187.96,7,2.0,39.0,185.42,185.0,14.58601761,24.5,259.0,0.5,2.0,13.20288229,False,0.0098769,0.675,6.517045975
268.0,187.96,185.0,21.0,5.0,187.96,7,3.0,31.0,185.42,185.0,124.8145294,11.0,166.25,1.5,3.0,36.7600708,True,0.068757935,0.57,18.62602234
269.0,172.72,155.0,26.0,0.0,182.88,5,0.0,30.0,177.8,155.0,120.0,92.375,95.0,4.0,0.0,21.75,True,0.25,0.46,8.828125
270.0,172.72,135.0,25.0,23.0,172.72,3,3.0,38.0,167.64,135.0,239.5,133.9414063,36.4375,15.04296875,0.0,11.75,False,0.42375,0.45296875,11.875
271.0,180.34,170.0,29.0,3.0,193.04,6,1.0,30.0,182.88,170.0,243.65625,98.0,504.0,8.0,1.0,26.59375,False,0.1971875,0.37,4.0625
272.0,185.42,205.0,32.0,9.0,182.88,8,2.0,34.0,180.34,205.0,0.5,6.4375,52.0,2.0,0.0,2.5,True,0.0,0.419375,2.0
273.0,175.26,155.0,30.0,15.0,180.34,5,2.0,30.0,180.34,155.0,235.5,252.59375,188.96875,4.78125,0.0,4.25,True,0.2575,0.474375,2.75
274.0,190.5,265.0,32.0,10.0,187.96,9,1.0,34.0,182.88,247.0,106.859375,153.75,265.125,3.125,1.0,16.390625,False,0.2665625,0.42,10.890625
275.0,175.26,145.0,32.0,1.0,177.8,0,1.0,38.0,177.8,155.0,81.15590668,33.0,95.0,0.0,1.0,25.48911667,True,0.308917274,0.41,9.419315338
276.0,172.72,155.0,28.0,4.0,177.8,5,2.0,26.0,170.18,155.0,228.46875,160.5,180.5,1.5,2.0,14.03125,True,0.6778125,0.615,3.1875
277.0,182.88,185.0,28.0,8.0,187.96,7,1.0,26.0,182.88,185.0,301.0,523.25,133.75,1.5,0.0,13.0,True,1.0,0.57,9.0
278.0,185.42,205.0,25.0,0.0,200.66,7,0.0,23.0,198.12,185.0,120.0,92.375,95.0,4.0,0.0,21.75,True,0.25,0.46,8.828125
279.0,170.18,155.0,26.0,6.0,172.72,5,1.0,28.0,172.72,155.0,6.125,131.5,351.5,5.5,0.0,71.3125,True,0.0,0.365,23.875
280.0,182.88,170.0,22.0,0.0,182.88,6,0.0,29.0,182.88,155.0,94.125,92.375,95.0,4.0,0.0,33.6875,False,0.375,0.46,33.125
281.0,187.96,185.0,29.0,40.0,198.12,7,4.0,34.0,185.42,185.0,95.00653076,41.06488037,207.9269714,7.06350708,2.0,30.11474609,True,0.137283325,0.576833801,8.9609375
282.0,185.42,253.0,33.0,11.0,213.36,9,2.0,31.0,210.82,265.0,33.1687603,100.40625,260.5390625,6.9453125,2.0,28.28251362,True,0.047124863,0.449921875,17.5427084
283.0,180.34,155.0,30.0,14.0,175.26,5,3.0,35.0,175.26,155.0,207.0859375,29.0625,43.1875,5.75,0.0,34.4296875,True,0.279765625,0.3115625,16.171875
284.0,175.26,185.0,40.0,26.0,198.12,7,2.0,37.0,185.42,185.0,321.8127041,5.735351563,62.22265625,13.65625,0.0,20.31608582,False,0.208352604,0.520908203,6.186279297
285.0,180.34,145.0,28.0,4.0,177.8,4,0.0,27.0,175.26,145.0,205.0,223.0,34.0,0.5,0.0,38.0,True,0.0,0.43,18.0
286.0,167.64,125.0,29.0,0.0,167.64,3,0.0,26.0,170.18,135.0,120.0,92.375,95.0,4.0,0.0,21.75,True,0.25,0.46,8.828125
287.0,177.8,155.0,29.0,39.0,180.34,5,4.0,35.0,172.72,155.0,50.63216668,49.62690735,81.12278748,6.331539154,2.0,14.00557105,True,0.687428599,0.471267214,7.679228565
288.0,190.5,185.0,33.0,10.0,185.42,7,1.0,26.0,185.42,185.0,134.5,169.375,252.0,11.625,0.0,11.875,True,0.07875,0.5875,4.75
289.0,182.88,170.0,29.0,0.0,198.12,7,0.0,27.0,185.42,185.0,120.0,92.375,95.0,4.0,0.0,21.75,True,0.25,0.46,8.828125
290.0,187.96,185.0,22.0,6.0,195.58,7,4.0,36.0,185.42,185.0,129.6242371,5.5,85.125,0.75,4.0,47.02355957,True,0.21164856,0.465,21.4130249
291.0,190.5,155.0,30.0,6.0,177.8,5,0.0,35.0,175.26,155.0,59.83563232,447.5,47.0,11.0,0.0,12.42657471,False,0.392624512,0.46,7.775024414
292.0,177.8,170.0,28.0,7.0,193.04,6,1.0,28.0,180.34,170.0,165.9375,168.5,59.375,2.625,0.0,9.9375,False,0.07625,0.47,5.125
293.0,182.88,185.0,23.0,9.0,195.58,7,1.0,26.0,185.42,170.0,25.25,157.5,112.3125,0.25,1.0,4.75,False,0.0,0.40625,1.25
294.0,182.88,205.0,30.0,24.0,193.04,8,2.0,32.0,193.04,205.0,33.37634277,293.7578125,261.1464844,2.921875,0.0,33.71276855,True,0.094150391,0.616152344,15.88183594
295.0,195.58,205.0,23.0,2.0,205.74,8,1.0,37.0,198.12,205.0,10.0,110.5,15.0,0.0,1.0,14.0,True,0.0,0.13,0.0
296.0,187.96,185.0,33.0,20.0,185.42,8,2.0,30.0,185.42,205.0,125.0625,26.27734375,111.828125,9.73828125,2.0,16.25,True,0.0825,0.379726563,9.125
297.0,170.18,135.0,31.0,32.0,175.26,3,4.0,38.0,172.72,135.0,204.1074219,84.70996094,309.8398438,7.950195313,1.0,20.49609375,True,0.130859375,0.357978516,15.33984375
298.0,177.8,170.0,33.0,13.0,187.96,6,2.0,30.0,182.88,170.0,21.21875,86.359375,42.34375,3.296875,2.0,31.0390625,True,0.2734375,0.445625,33.1875
299.0,182.88,185.0,26.0,5.0,182.88,7,0.0,27.0,187.96,185.0,120.0,76.75,95.25,4.25,0.0,21.75,True,0.25,0.43,8.828125
300.0,190.5,155.0,29.0,0.0,182.88,6,0.0,36.0,185.42,170.0,342.7434998,92.375,95.0,4.0,0.0,19.24157715,False,0.253496399,0.46,10.20418549
301.0,187.96,242.0,29.0,14.0,203.2,9,4.0,34.0,187.96,265.0,31.0,55.2734375,48.265625,2.1796875,4.0,1.5,True,0.25,0.65265625,0.0
302.0,187.96,170.0,29.0,28.0,180.34,7,4.0,32.0,182.88,185.0,162.875,94.88867188,174.2324219,0.814453125,4.0,5.125,False,0.33,0.50203125,3.5
303.0,180.34,155.0,29.0,14.0,177.8,4,3.0,34.0,172.72,145.0,37.55230713,7.625,24.25,26.8125,3.0,64.26898193,True,0.140336914,0.510625,14.08172607
304.0,177.8,170.0,31.0,5.0,180.34,6,0.0,31.0,185.42,170.0,399.5,37.0,78.5,2.0,0.0,5.0,True,0.385,0.47,17.0
305.0,180.34,155.0,31.0,19.0,190.5,5,6.0,29.0,180.34,145.0,1.244873047,127.8164063,81.046875,10.51953125,3.0,48.74145508,True,0.000488281,0.434921875,14.85473633
306.0,180.34,155.0,27.0,3.0,180.34,5,0.0,31.0,180.34,155.0,2.0,372.0,76.0,1.0,0.0,6.0,True,0.0,0.45,11.0
307.0,185.42,205.0,28.0,0.0,190.5,8,0.0,30.0,185.42,205.0,241.0,92.375,95.0,4.0,0.0,5.375,False,0.505,0.46,1.4375
308.0,175.26,145.0,32.0,75.0,177.8,4,3.0,31.0,170.18,135.0,20.078125,34.82657231,21.70062172,9.658599369,0.0,69.53613281,True,0.022646484,0.38516528,31.89257813
309.0,182.88,185.0,28.0,4.0,180.34,8,1.0,33.0,180.34,205.0,447.0,39.25,4.5,2.25,1.0,0.0,True,1.0,0.4925,0.0
310.0,160.02,115.0,30.0,3.0,152.4,1,1.0,25.0,154.94,115.0,38.0,336.0,261.0,8.0,1.0,89.0,True,1.0,0.67,24.0
311.0,185.42,170.0,27.0,4.0,187.96,6,0.0,24.0,187.96,170.0,138.125,241.5,189.0,0.0,0.0,17.125,True,0.0,0.12,13.5
312.0,180.34,155.0,27.0,9.0,190.5,5,3.0,34.0,182.88,155.0,82.0,48.25,177.5,4.5,3.0,17.0,False,0.14,0.3975,7.0
313.0,170.18,155.0,34.0,34.0,175.26,5,3.0,26.0,172.72,155.0,60.0,313.9898682,88.21496582,18.6060791,2.0,31.125,False,0.25,0.569829102,7.5
314.0,177.8,145.0,25.0,2.0,175.26,2,0.0,31.0,167.64,135.0,120.0,23.0,0.0,19.0,0.0,21.75,False,0.25,0.37,8.828125
315.0,167.64,145.0,36.0,42.0,187.96,4,4.0,26.0,175.26,155.0,86.125,82.92364502,407.6972885,12.53436279,0.0,12.25,True,0.35,0.367651672,2.0
316.0,177.8,155.0,30.0,36.0,182.88,5,4.0,27.0,175.26,155.0,155.0736694,8.269897461,23.78723145,18.77685547,0.0,24.32574463,False,0.206954956,0.326987305,4.504760742
317.0,175.26,155.0,28.0,3.0,190.5,6,1.0,29.0,185.42,170.0,68.21875,116.0,556.0,3.0,1.0,8.265625,False,0.25,0.71,5.59375
318.0,172.72,155.0,29.0,0.0,177.8,5,0.0,30.0,175.26,155.0,319.0,92.375,95.0,4.0,0.0,6.5,True,0.71,0.46,23.5
319.0,167.64,135.0,32.0,0.0,165.1,3,0.0,26.0,165.1,135.0,527.0,92.375,95.0,4.0,0.0,46.0,True,0.22,0.46,7.0
320.0,167.64,125.0,27.0,0.0,187.96,3,0.0,25.0,175.26,135.0,39.25,92.375,95.0,4.0,0.0,20.25,True,0.25,0.46,3.75
321.0,182.88,145.0,31.0,0.0,180.34,4,0.0,38.0,172.72,145.0,54.33004761,92.375,95.0,4.0,0.0,21.24630737,False,0.199010925,0.46,14.32644653
322.0,185.42,185.0,39.0,28.0,198.12,8,5.0,36.0,187.96,205.0,58.53955078,222.4055176,48.38549805,2.645751953,5.0,24.13427734,True,0.182460938,0.513720703,11.01806641
323.0,172.72,145.0,24.0,3.0,175.26,4,1.0,31.0,175.26,145.0,176.75,193.0,407.0,3.0,1.0,16.75,True,0.2225,0.37,7.0
324.0,180.34,170.0,30.0,5.0,187.96,6,2.0,30.0,177.8,170.0,114.5,72.5,512.5,2.0,2.0,2.375,True,0.7075,0.645,1.875
325.0,175.26,170.0,26.0,6.0,190.5,6,1.0,29.0,182.88,170.0,86.78125,40.25,31.625,0.875,0.0,13.40625,True,0.2890625,0.435,6.28125
326.0,177.8,170.0,28.0,0.0,180.34,6,0.0,29.0,182.88,170.0,30.65625,92.375,95.0,4.0,0.0,27.3125,True,0.393125,0.46,3.0625
327.0,170.18,135.0,24.0,3.0,162.56,3,1.0,29.0,167.64,145.0,10.0,194.0,485.0,8.0,1.0,0.5,True,0.0,0.4,5.0
328.0,167.64,135.0,38.0,5.0,185.42,3,1.0,30.0,175.26,135.0,403.625,197.5,159.0,3.5,0.0,11.625,False,0.44375,0.545,3.375
329.0,167.64,135.0,31.0,6.0,190.5,3,1.0,32.0,172.72,135.0,41.25,60.5,32.5,2.5,0.0,64.3125,False,0.0625,0.425,23.25
330.0,177.8,205.0,34.0,16.0,203.2,8,3.0,34.0,190.5,205.0,52.65270996,3.7421875,262.8203125,1.0,0.0,15.59735107,True,0.087763672,0.495078125,8.269897461
331.0,185.42,170.0,26.0,3.0,177.8,6,1.0,35.0,175.26,170.0,61.95867759,43.0,0.0,11.0,1.0,57.66005015,True,0.189209952,0.35,24.28943503
332.0,187.96,205.0,34.0,41.0,198.12,8,4.0,26.0,193.04,205.0,3.5,108.4706192,54.55792999,11.03180313,0.0,35.0,False,0.0,0.429866219,3.5
333.0,180.34,155.0,28.0,8.0,175.26,4,3.0,26.0,172.72,145.0,43.375,28.5,77.0,21.25,3.0,40.0,True,0.04125,0.4925,13.75
334.0,193.04,185.0,25.0,0.0,195.58,8,0.0,28.0,190.5,205.0,175.0,92.375,95.0,4.0,0.0,6.0,True,0.75,0.46,4.0
335.0,190.5,205.0,30.0,5.0,190.5,7,2.0,27.0,182.88,185.0,67.625,246.5,251.0,4.0,2.0,7.0,True,0.375,0.805,7.25
336.0,170.18,135.0,30.0,26.0,172.72,3,5.0,29.0,172.72,135.0,449.0,82.28515625,328.125,1.5703125,1.0,56.0,True,0.41,0.327070313,29.0
337.0,180.34,170.0,33.0,24.0,185.42,6,2.0,30.0,177.8,170.0,116.4042969,83.1328125,63.58007813,2.060546875,0.0,14.63671875,True,0.773222656,0.562226563,4.19140625
338.0,190.5,205.0,23.0,3.0,190.5,7,0.0,25.0,187.96,185.0,222.875,352.0,0.0,0.0,0.0,19.625,True,0.0,0.25,14.125
339.0,182.88,170.0,29.0,3.0,185.42,6,1.0,28.0,180.34,170.0,71.0,163.0,656.0,7.0,1.0,3.0,True,0.0,0.77,0.0
340.0,167.64,135.0,29.0,3.0,175.26,3,0.0,36.0,170.18,135.0,5.349975586,49.0,11.0,14.0,0.0,28.01269531,False,0.000284424,0.42,16.01757813
341.0,162.56,125.0,32.0,0.0,172.72,3,0.0,32.0,162.56,135.0,397.5,92.375,95.0,4.0,0.0,38.0,True,0.2925,0.46,7.25
342.0,172.72,135.0,33.0,21.0,170.18,3,2.0,32.0,167.64,135.0,15.1484375,138.1582031,85.453125,3.306640625,2.0,29.5234375,True,0.62890625,0.400019531,15.7578125
343.0,172.72,145.0,29.0,1.0,177.8,4,1.0,28.0,172.72,145.0,120.0,0.0,109.0,6.0,1.0,21.75,True,0.25,0.5,8.828125
344.0,175.26,135.0,28.0,0.0,167.64,3,0.0,34.0,175.26,135.0,8.5625,92.375,95.0,4.0,0.0,23.4375,True,0.0,0.46,9.5625
345.0,172.72,155.0,25.0,0.0,172.72,5,0.0,25.0,167.64,135.0,302.0,92.375,95.0,4.0,0.0,13.0,True,0.53,0.46,13.0
346.0,180.34,185.0,43.0,30.0,187.96,8,4.0,36.0,182.88,185.0,14.39648438,188.640625,79.3203125,5.673828125,2.0,6.720657349,True,0.000259399,0.407363281,2.863166809
347.0,170.18,155.0,33.0,6.0,193.04,5,1.0,26.0,182.88,170.0,129.9892578,80.25,19.0,0.0,0.0,22.0090332,False,0.296955566,0.21,10.75390625
348.0,175.26,155.0,34.0,13.0,195.58,6,1.0,27.0,187.96,170.0,61.40625,303.0,324.25,0.8125,1.0,5.1875,True,0.03125,0.306875,11.0
349.0,182.88,155.0,25.0,0.0,180.34,5,0.0,28.0,170.18,155.0,120.0,92.375,95.0,4.0,0.0,21.75,True,0.25,0.46,8.828125
350.0,193.04,231.0,37.0,20.0,195.58,9,5.0,32.0,185.42,240.0,648.7250977,90.578125,105.3320313,9.44140625,0.0,28.46533203,True,0.192568359,0.615703125,12.53125
351.0,193.04,205.0,31.0,7.0,198.12,8,1.0,26.0,193.04,205.0,5.0,286.25,116.5,10.5,0.0,69.0,False,0.0,0.5725,5.0
352.0,193.04,205.0,27.0,4.0,198.12,7,1.0,31.0,185.42,185.0,257.015625,121.0,120.5,2.5,0.0,8.734375,True,0.42546875,0.41,3.78125
353.0,193.04,205.0,30.0,10.0,213.36,8,6.0,32.0,193.04,205.0,224.7459154,71.75,19.40625,7.1875,6.0,57.7664547,False,0.152359142,0.599375,17.97950077
354.0,177.8,145.0,31.0,3.0,177.8,4,1.0,37.0,175.26,155.0,258.9589081,305.0,445.0,7.0,1.0,14.10664368,False,0.335656128,0.56,12.6937561
355.0,172.72,145.0,33.0,6.0,187.96,4,1.0,30.0,182.88,145.0,0.0,9.5,155.0,5.25,1.0,58.5,True,0.0,0.4475,13.0
356.0,185.42,185.0,28.0,8.0,190.5,8,4.0,28.0,182.88,205.0,179.90625,164.75,118.0,3.5,4.0,7.75,True,0.2965625,0.415,6.875
357.0,167.64,135.0,37.0,21.0,175.26,3,3.0,37.0,172.72,135.0,4.625,278.59375,82.828125,9.859375,3.0,21.625,True,0.0,0.46859375,6.5
358.0,185.42,185.0,36.0,14.0,182.88,7,1.0,26.0,182.88,170.0,123.5,20.3046875,53.8671875,1.671875,1.0,25.0,True,0.75,0.62390625,2.75
359.0,190.5,205.0,30.0,1.0,187.96,8,1.0,26.0,190.5,205.0,227.8125,150.0,0.0,1.0,1.0,1.140625,True,0.92890625,0.4,1.6875
360.0,195.58,265.0,32.0,15.0,198.12,9,2.0,35.0,190.5,249.0,309.9345703,2.21875,91.359375,14.234375,0.0,51.93603516,True,0.322094727,0.53796875,11.91601563
361.0,185.42,185.0,27.0,1.0,198.12,7,1.0,33.0,185.42,185.0,226.9384766,34.0,74.0,0.0,1.0,23.48339844,False,0.589091797,0.73,10.67382813
362.0,185.42,185.0,33.0,7.0,190.5,7,1.0,25.0,180.34,170.0,324.0,48.34375,37.0,1.03125,0.0,9.0,True,0.71,0.514375,11.0
363.0,167.64,125.0,26.0,1.0,167.64,2,0.0,23.0,165.1,125.0,233.0,21.0,0.0,3.0,0.0,10.0,False,0.33,0.27,3.0
364.0,180.34,170.0,26.0,31.0,182.88,6,3.0,38.0,177.8,170.0,147.0400326,24.03344727,290.5378418,5.496826172,2.0,13.49611978,True,0.297840933,0.444528809,17.47646207
365.0,187.96,170.0,30.0,15.0,182.88,6,2.0,31.0,180.34,170.0,61.75,145.234375,26.1953125,1.28125,0.0,41.5,True,0.5,0.392734375,17.25
366.0,162.56,115.0,30.0,0.0,167.64,3,0.0,34.0,175.26,135.0,12.78125,92.375,95.0,4.0,0.0,86.71875,False,0.0,0.46,10.28125
367.0,187.96,170.0,33.0,23.0,182.88,6,5.0,37.0,182.88,170.0,85.6730957,67.16796875,240.7304688,2.216796875,1.0,21.10302734,True,0.378798828,0.534746094,10.80712891
368.0,187.96,205.0,27.0,3.0,187.96,7,1.0,34.0,185.42,185.0,38.5,144.0,118.0,7.0,1.0,8.5,True,0.2,0.46,5.5
369.0,180.34,170.0,36.0,42.0,185.42,6,4.0,30.0,182.88,170.0,120.0,35.0713501,45.55140686,0.906723022,0.0,21.75,True,0.25,0.418142395,8.828125
370.0,172.72,135.0,34.0,6.0,170.18,3,1.0,31.0,165.1,135.0,2.0,156.25,79.75,5.875,0.0,10.0,True,0.0,0.35875,15.0
371.0,175.26,170.0,31.0,43.0,185.42,6,7.0,25.0,182.88,170.0,61.125,111.1251602,55.71073151,30.48256683,0.0,15.875,True,0.25,0.487799911,8.25
372.0,172.72,145.0,26.0,1.0,175.26,4,0.0,31.0,165.1,145.0,121.0,5.0,34.0,5.0,0.0,40.5,True,0.0,0.26,30.0
373.0,172.72,145.0,30.0,8.0,190.5,4,1.0,26.0,182.88,155.0,210.0,186.5,195.5,19.0,1.0,17.375,True,0.165,0.445,15.875
374.0,177.8,145.0,24.0,9.0,185.42,4,2.0,28.0,177.8,145.0,112.4385376,275.75,158.0,6.75,0.0,56.67523193,True,0.799306641,0.4025,18.08276367
375.0,182.88,170.0,33.0,6.0,182.88,6,1.0,41.0,185.42,170.0,123.8933042,25.25,18.25,3.5,1.0,28.72582185,True,0.063997555,0.555,9.901566587
376.0,187.96,155.0,25.0,7.0,187.96,5,2.0,35.0,190.5,155.0,73.875,219.75,216.5,3.25,2.0,8.078125,True,0.4578125,0.4425,5.84375
377.0,175.26,155.0,28.0,3.0,177.8,5,0.0,36.0,175.26,155.0,58.234375,183.0,78.0,25.0,0.0,18.296875,True,0.16875,0.57,11.71875
378.0,185.42,205.0,39.0,48.0,198.12,8,3.0,24.0,190.5,205.0,190.0,87.00462151,28.40359926,4.080101967,0.0,70.0,True,0.16,0.375108905,14.0
379.0,193.04,205.0,29.0,17.0,190.5,8,3.0,38.0,182.88,205.0,151.7565598,193.90625,38.171875,1.421875,0.0,21.71075058,True,0.207444253,0.4234375,12.39190483
380.0,172.72,155.0,31.0,27.0,182.88,5,3.0,27.0,175.26,155.0,69.5,46.67419434,44.19909668,2.04284668,0.0,22.5,False,0.05,0.518840332,16.25
381.0,177.8,145.0,23.0,0.0,175.26,4,0.0,37.0,170.18,145.0,358.0,92.375,95.0,4.0,0.0,13.0,True,0.2525,0.46,5.0
382.0,182.88,170.0,32.0,7.0,177.8,6,2.0,23.0,175.26,170.0,74.3125,71.375,188.375,0.25,2.0,21.75,False,0.375,0.66375,3.625
383.0,172.72,155.0,33.0,59.0,187.96,6,5.0,35.0,180.34,170.0,23.01152802,58.33173966,175.5151277,5.743183374,0.0,35.33612823,False,0.016935349,0.640006368,29.23931885
384.0,190.5,205.0,28.0,6.0,200.66,8,1.0,28.0,187.96,205.0,242.328125,93.5,66.0,1.75,0.0,8.78125,True,0.515390625,0.495,2.6875
385.0,177.8,155.0,30.0,0.0,177.8,5,0.0,34.0,170.18,155.0,391.25,92.375,95.0,4.0,0.0,9.3359375,True,0.28921875,0.46,24.7421875
386.0,172.72,125.0,23.0,0.0,175.26,2,0.0,25.0,162.56,125.0,570.0,92.375,95.0,4.0,0.0,33.0,True,0.0,0.46,2.0
387.0,172.72,155.0,27.0,5.0,177.8,5,3.0,30.0,175.26,170.0,279.890625,43.5,112.25,0.25,3.0,29.10546875,True,0.565898438,0.3725,15.421875
388.0,172.72,145.0,27.0,4.0,182.88,5,1.0,27.0,180.34,155.0,120.0,32.5,495.5,0.0,0.0,21.75,True,0.25,0.64,8.828125
389.0,180.34,170.0,29.0,0.0,182.88,6,0.0,36.0,177.8,170.0,168.2703857,92.375,95.0,4.0,0.0,39.2512207,True,0.469727783,0.46,13.96624756
390.0,175.26,155.0,23.0,9.0,182.88,4,4.0,25.0,170.18,145.0,82.5,30.125,181.875,6.25,4.0,10.5,False,0.25,0.44,1.5
391.0,180.34,170.0,37.0,50.0,177.8,6,4.0,33.0,175.26,170.0,25.33884144,194.1511726,78.45523643,10.47231293,0.0,34.56080246,True,0.027359238,0.546007957,11.63096046
392.0,172.72,145.0,27.0,23.0,177.8,5,4.0,30.0,177.8,155.0,66.1875,449.5,107.8828125,2.6953125,1.0,56.84375,True,0.1103125,0.406640625,9.03125
393.0,185.42,185.0,29.0,0.0,198.12,7,0.0,25.0,185.42,185.0,275.75,92.375,95.0,4.0,0.0,13.0,True,0.4425,0.46,5.0
394.0,185.42,185.0,29.0,16.0,187.96,7,3.0,29.0,185.42,185.0,86.0324707,93.59375,184.90625,10.875,3.0,23.16113281,True,0.130126953,0.316875,12.01635742
395.0,180.34,155.0,27.0,0.0,187.96,5,0.0,33.0,175.26,155.0,81.03125,92.375,95.0,4.0,0.0,23.6875,False,0.03125,0.46,4.28125
396.0,185.42,185.0,26.0,8.0,190.5,7,1.0,27.0,190.5,185.0,78.0,296.75,187.5,7.75,1.0,11.5,False,0.0,0.615,4.0
397.0,177.8,170.0,34.0,25.0,190.5,6,2.0,39.0,177.8,170.0,78.0,372.4980469,75.0703125,16.61523438,1.0,24.6875,True,0.359375,0.436445313,19.1875
398.0,167.64,125.0,30.0,8.0,167.64,3,1.0,30.0,165.1,135.0,119.625,303.25,78.125,3.625,0.0,35.25,True,0.04625,0.43125,8.75
399.0,170.18,125.0,21.0,1.0,177.8,2,1.0,27.0,175.26,125.0,214.5,0.0,246.0,0.0,1.0,34.0,False,0.375,0.72,12.25
400.0,172.72,135.0,28.0,22.0,172.72,3,2.0,26.0,172.72,135.0,206.78125,270.4140625,86.3515625,1.84375,0.0,26.71875,True,0.4209375,0.446640625,8.5625
401.0,177.8,170.0,31.0,46.0,177.8,5,6.0,34.0,170.18,155.0,144.0,93.84916687,149.8937225,2.29296875,6.0,31.15625,False,0.25,0.272975159,8.96875
402.0,172.72,135.0,35.0,1.0,165.1,3,0.0,28.0,167.64,135.0,15.5,182.0,55.0,0.0,0.0,24.5,True,0.5,0.66,7.0
403.0,165.1,125.0,25.0,2.0,175.26,2,0.0,21.0,167.64,125.0,65.5,251.0,141.0,2.0,0.0,55.625,True,0.125,0.28,18.625
404.0,190.5,264.0,33.0,28.0,195.58,9,4.0,28.0,193.04,238.0,19.1015625,131.1452217,182.2104073,2.443939209,2.0,34.2265625,False,0.3125,0.632979584,0.453125
405.0,185.42,155.0,32.0,0.0,177.8,5,0.0,41.0,175.26,155.0,28.96644497,92.375,95.0,4.0,0.0,39.15004253,True,0.174595261,0.46,25.5212841
406.0,170.18,155.0,28.0,18.0,180.34,5,2.0,29.0,167.64,155.0,43.0,303.25,418.0,19.1875,0.0,20.0,False,0.18,0.58375,4.0
407.0,167.64,125.0,31.0,20.0,182.88,2,1.0,31.0,170.18,125.0,0.0,232.921875,47.28125,10.609375,0.0,0.0,True,0.0,0.35046875,0.0
408.0,177.8,155.0,26.0,8.0,177.8,5,3.0,29.0,175.26,170.0,330.5625,103.25,58.0,2.375,0.0,48.421875,True,0.26359375,0.52125,20.6875
409.0,170.18,135.0,28.0,8.0,172.72,3,1.0,34.0,167.64,135.0,85.25,78.75,42.75,2.25,0.0,11.25,True,0.2,0.28,9.75
410.0,172.72,155.0,31.0,15.0,177.8,4,2.0,32.0,172.72,145.0,15.34765625,287.0625,293.5625,6.0,1.0,48.21484375,True,0.1015625,0.504375,21.23046875
411.0,187.96,170.0,24.0,1.0,185.42,6,1.0,37.0,185.42,170.0,120.0,0.0,14.0,0.0,1.0,21.75,False,0.25,0.5,8.828125
412.0,187.96,205.0,24.0,4.0,187.96,6,1.0,28.0,177.8,170.0,54.0,40.5,36.5,1.0,1.0,4.0,True,0.0,0.515,1.0
413.0,177.8,155.0,23.0,2.0,185.42,5,1.0,27.0,180.34,155.0,19.5,215.0,7.0,7.0,1.0,10.0,True,0.125,0.41,7.0
414.0,190.5,230.0,32.0,20.0,190.5,8,4.0,46.0,185.42,205.0,290.3678741,132.4492188,116.9804688,25.06054688,4.0,16.69605255,True,0.187720947,0.478671875,5.304336548
415.0,162.56,135.0,31.0,21.0,167.64,2,4.0,31.0,160.02,125.0,720.7957764,1.9375,314.1796875,6.265625,4.0,31.22219849,True,0.742101746,0.45125,10.83729553
416.0,162.56,125.0,29.0,0.0,162.56,1,0.0,25.0,160.02,115.0,104.5,92.375,95.0,4.0,0.0,28.5,True,0.33,0.46,8.5
417.0,167.64,125.0,30.0,6.0,167.64,3,1.0,27.0,167.64,135.0,207.5,156.0,140.0,8.5,0.0,14.5,True,0.375,0.565,7.5
418.0,180.34,170.0,29.0,4.0,190.5,6,1.0,24.0,180.34,170.0,223.25,456.0,45.0,1.0,1.0,13.5,True,0.4,0.485,4.5
419.0,162.56,125.0,28.0,6.0,170.18,2,2.0,23.0,160.02,135.0,30.625,113.5,140.0,3.0,2.0,27.625,True,0.25,0.415,5.9375
420.0,177.8,185.0,26.0,3.0,185.42,7,0.0,30.0,177.8,185.0,168.40625,37.0,127.0,8.0,0.0,6.90625,False,0.1975,0.52,23.21875
421.0,180.34,170.0,24.0,0.0,187.96,8,0.0,29.0,190.5,205.0,203.9941406,92.375,95.0,4.0,0.0,10.19189453,True,0.25215332,0.46,4.583984375
422.0,170.18,145.0,27.0,12.0,187.96,4,3.0,26.0,175.26,155.0,196.5,74.96875,114.5625,2.40625,1.0,29.0,True,0.4,0.40375,3.0
423.0,180.34,170.0,26.0,34.0,182.88,6,3.0,28.0,177.8,170.0,194.0,12.01672363,291.2689209,2.748413086,2.0,51.0,True,0.775,0.462264404,11.25
424.0,160.02,125.0,36.0,3.0,162.56,2,1.0,24.0,165.1,125.0,138.0,0.0,42.0,1.0,1.0,12.5,True,0.08,0.2,7.5
425.0,190.5,235.0,38.0,17.0,203.2,9,3.0,28.0,193.04,265.0,458.5117188,12.90625,81.796875,3.109375,0.0,6.80078125,True,0.52640625,0.44359375,1.296875
426.0,177.8,170.0,25.0,1.0,190.5,6,1.0,27.0,182.88,170.0,120.0,202.0,60.0,0.0,1.0,21.75,True,0.25,0.5,8.828125
427.0,167.64,135.0,38.0,24.0,177.8,3,3.0,26.0,172.72,135.0,58.71875,143.296875,166.4140625,10.9296875,3.0,21.875,True,0.56765625,0.509296875,17.6015625
428.0,177.8,170.0,27.0,2.0,177.8,6,2.0,25.0,177.8,155.0,85.5,0.0,139.5,0.5,2.0,0.5,True,0.33,0.41,1.5
429.0,175.26,155.0,29.0,10.0,172.72,5,4.0,33.0,172.72,145.0,115.4491615,15.0,40.875,20.625,4.0,19.66828918,False,0.148132858,0.42875,4.23141098
430.0,177.8,125.0,25.0,3.0,185.42,3,1.0,23.0,167.64,135.0,121.0,206.0,33.5,1.5,1.0,47.0,False,0.66,0.52,14.0
431.0,187.96,205.0,30.0,10.0,195.58,8,3.0,29.0,187.96,185.0,37.0,106.75,14.125,3.875,3.0,14.8125,True,0.03125,0.25375,4.15625
432.0,172.72,135.0,25.0,0.0,167.64,3,0.0,24.0,172.72,125.0,92.25,92.375,95.0,4.0,0.0,53.5,True,0.125,0.46,10.5
433.0,198.12,205.0,27.0,3.0,200.66,8,3.0,30.0,190.5,205.0,221.9030762,1.25,4.0,0.75,3.0,33.23803711,True,0.25263916,0.6925,6.240234375
434.0,175.26,170.0,29.0,14.0,190.5,6,2.0,33.0,187.96,170.0,82.17651367,58.59375,173.78125,0.09375,2.0,11.76159668,True,0.268798828,0.3940625,2.973022461
435.0,175.26,155.0,22.0,2.0,182.88,6,1.0,22.0,180.34,170.0,0.0,139.0,195.0,2.0,1.0,0.0,True,0.0,0.48,1.0
436.0,172.72,145.0,34.0,42.0,172.72,4,6.0,36.0,167.64,135.0,176.5696909,79.71765137,75.10461426,22.39099121,0.0,24.71645188,True,0.141483138,0.61307373,4.13091135
437.0,170.18,145.0,33.0,0.0,177.8,4,0.0,29.0,170.18,145.0,187.0368042,92.375,95.0,4.0,0.0,7.122741699,False,0.268300171,0.46,9.93371582
438.0,193.04,242.0,27.0,2.0,213.36,9,1.0,23.0,210.82,265.0,20.2421875,114.0,44.0,11.0,1.0,18.17578125,True,0.0234375,0.57,3.93359375
439.0,180.34,155.0,27.0,0.0,185.42,5,0.0,26.0,177.8,155.0,120.0,92.375,95.0,4.0,0.0,21.75,True,0.25,0.46,8.828125
440.0,190.5,185.0,25.0,0.0,190.5,7,0.0,29.0,185.42,185.0,120.0,92.375,95.0,4.0,0.0,21.75,True,0.25,0.46,8.828125
441.0,187.96,185.0,31.0,25.0,198.12,7,4.0,32.0,187.96,185.0,119.4121094,8.833007813,94.48046875,6.935546875,1.0,19.96484375,True,0.321582031,0.517910156,9.408203125
442.0,177.8,155.0,32.0,2.0,180.34,5,0.0,21.0,182.88,170.0,115.25,279.0,0.0,6.0,0.0,8.8125,True,0.15,0.2,1.375
443.0,180.34,205.0,31.0,7.0,190.5,8,2.0,31.0,185.42,205.0,155.75,93.75,36.25,3.75,2.0,2.0859375,True,0.5728125,0.2925,2.52734375
444.0,182.88,170.0,32.0,21.0,203.2,6,6.0,31.0,190.5,170.0,142.0779076,17.125,75.5546875,8.435546875,0.0,10.26940918,True,0.241434784,0.4371875,6.798358917
445.0,177.8,145.0,29.0,3.0,187.96,5,0.0,27.0,182.88,155.0,0.5,244.0,232.0,2.0,0.0,6.0,True,0.0,0.31,3.5
446.0,175.26,135.0,29.0,0.0,182.88,3,0.0,32.0,165.1,135.0,120.0,92.375,95.0,4.0,0.0,21.75,True,0.25,0.46,8.828125
447.0,177.8,170.0,26.0,3.0,182.88,6,1.0,23.0,187.96,170.0,120.0,205.0,84.0,2.5,1.0,21.75,True,0.25,0.45,8.828125
448.0,175.26,247.0,35.0,13.0,203.2,9,3.0,30.0,203.2,265.0,48.98828125,62.0,176.8125,2.59375,1.0,56.6328125,True,0.015625,0.576875,12.33984375
449.0,182.88,155.0,29.0,15.0,185.42,5,1.0,31.0,187.96,170.0,103.921875,234.125,31.09375,3.1875,1.0,72.8125,False,0.16390625,0.441875,26.984375
450.0,170.18,135.0,28.0,18.0,167.64,3,3.0,30.0,167.64,135.0,158.3515625,270.359375,200.4375,5.203125,1.0,14.6796875,True,0.102109375,0.59765625,9.6328125
451.0,177.8,170.0,25.0,0.0,185.42,6,0.0,32.0,177.8,170.0,120.5,92.375,95.0,4.0,0.0,53.0,True,0.0,0.46,13.0
452.0,167.64,125.0,32.0,0.0,167.64,3,0.0,34.0,162.56,135.0,27.0,92.375,95.0,4.0,0.0,14.0,True,0.0,0.46,15.0
453.0,185.42,185.0,39.0,61.0,187.96,7,8.0,41.0,182.88,185.0,0.549972534,132.1739423,75.7930088,12.78262687,8.0,15.99781764,False,2.03e-06,0.472029827,10.05361849
454.0,182.88,170.0,29.0,9.0,182.88,6,2.0,35.0,182.88,170.0,252.5,181.875,20.0,8.5,2.0,22.0,True,0.375,0.50625,7.0
455.0,170.18,135.0,29.0,11.0,170.18,3,2.0,35.0,162.56,135.0,228.0625,149.625,36.875,12.25,0.0,53.484375,True,0.27453125,0.46625,9.25
456.0,180.34,170.0,29.0,19.0,193.04,6,2.0,33.0,180.34,170.0,239.0625,75.0390625,41.375,3.3828125,2.0,46.109375,True,0.4575,0.420703125,20.25
457.0,177.8,170.0,27.0,23.0,190.5,6,2.0,27.0,180.34,170.0,35.25878906,60.5703125,108.5039063,9.58203125,2.0,46.73242188,True,0.0059375,0.555898438,8.099609375
458.0,180.34,170.0,26.0,0.0,182.88,6,0.0,23.0,182.88,170.0,32.0,92.375,95.0,4.0,0.0,13.0,True,0.0,0.46,2.0
459.0,172.72,155.0,27.0,10.0,177.8,5,2.0,28.0,175.26,155.0,128.5957031,44.125,2.5,9.625,2.0,53.59472656,True,0.28515625,0.30125,17.97363281
460.0,177.8,155.0,29.0,9.0,182.88,6,1.0,29.0,180.34,170.0,37.66088867,436.75,226.75,4.0,0.0,14.48193359,True,0.089902344,0.47,9.344238281
461.0,175.26,155.0,24.0,13.0,185.42,5,1.0,22.0,185.42,155.0,31.25,230.375,93.5,12.8125,1.0,14.5,True,0.0,0.250625,3.0
462.0,182.88,170.0,34.0,5.0,190.5,6,0.0,22.0,180.34,170.0,243.0,147.5,171.5,8.0,0.0,14.0,True,0.5,0.35,5.0
463.0,162.56,115.0,33.0,6.0,160.02,1,2.0,29.0,160.02,115.0,124.875,230.0,114.5,5.75,0.0,24.375,False,0.465,0.645,14.25
464.0,175.26,135.0,22.0,0.0,165.1,2,0.0,27.0,165.1,125.0,382.0,92.375,95.0,4.0,0.0,22.0,True,1.0,0.46,13.0
465.0,190.5,185.0,38.0,29.0,190.5,7,2.0,29.0,187.96,185.0,38.0,127.6748047,268.78125,3.731445313,0.0,49.0,True,0.0,0.530058594,4.0
466.0,175.26,155.0,28.0,8.0,177.8,5,2.0,24.0,172.72,155.0,157.0,88.625,32.0,7.0,0.0,15.5,True,0.33,0.46625,14.0
467.0,177.8,170.0,29.0,0.0,187.96,6,0.0,37.0,185.42,170.0,24.2265625,92.375,95.0,4.0,0.0,30.06640625,False,0.209960938,0.46,6.275390625
468.0,170.18,145.0,28.0,12.0,177.8,4,2.0,33.0,177.8,145.0,120.0,3.375,366.25,11.75,1.0,21.75,True,0.25,0.4025,8.828125
469.0,180.34,155.0,31.0,12.0,193.04,5,3.0,36.0,180.34,155.0,2.844482422,2.0625,17.875,13.40625,1.0,98.58578491,True,0.006184692,0.593125,20.24511719
470.0,172.72,155.0,30.0,3.0,190.5,5,1.0,28.0,187.96,170.0,59.0,1.0,254.0,13.0,1.0,46.0,False,0.0,0.45,6.0
471.0,167.64,155.0,33.0,24.0,172.72,5,3.0,26.0,167.64,135.0,268.125,748.5,105.5703125,1.5234375,2.0,13.125,True,0.33125,0.312734375,6.25
472.0,182.88,205.0,39.0,19.0,213.36,8,2.0,23.0,193.04,205.0,138.3125,40.375,192.0625,8.859375,1.0,7.375,True,0.64875,0.366875,2.5625
473.0,165.1,115.0,27.0,4.0,167.64,1,2.0,24.0,165.1,125.0,118.75,16.0,463.5,6.0,2.0,51.75,False,0.125,0.75,20.25
474.0,154.94,115.0,27.0,10.0,160.02,1,2.0,27.0,162.56,115.0,90.75,168.375,41.0,17.125,0.0,22.5,True,0.04,0.4425,19.75
475.0,180.34,170.0,30.0,7.0,187.96,6,1.0,28.0,177.8,170.0,120.0,89.5,375.25,3.0,1.0,21.75,True,0.25,0.6925,8.828125
476.0,167.64,135.0,28.0,6.0,185.42,3,0.0,29.0,180.34,135.0,25.0,78.0,289.0,4.0,0.0,39.5,True,0.165,0.35,11.25
477.0,167.64,125.0,27.0,1.0,167.64,2,0.0,23.0,165.1,125.0,199.5,0.0,94.0,0.0,0.0,24.0,True,0.665,0.31,10.5
478.0,193.04,231.0,34.0,7.0,185.42,9,2.0,35.0,182.88,263.0,204.375,30.5,60.625,4.125,0.0,12.75,True,0.53125,0.7025,14.0
479.0,187.96,170.0,29.0,7.0,180.34,5,2.0,33.0,175.26,155.0,496.546875,223.25,28.5,2.25,2.0,6.734375,True,0.4340625,0.4325,3.296875
480.0,167.64,125.0,30.0,3.0,170.18,2,1.0,31.0,172.72,135.0,70.625,103.0,484.0,15.0,1.0,59.09375,True,0.18125,0.6,11.71875
481.0,167.64,145.0,35.0,9.0,180.34,4,0.0,27.0,177.8,145.0,18.5,459.25,101.25,2.0,0.0,0.0,True,0.75,0.3075,0.0
482.0,185.42,185.0,29.0,6.0,193.04,7,2.0,28.0,193.04,205.0,32.375,21.5,374.5,4.0,2.0,32.875,True,0.05,0.54,7.0
483.0,190.5,205.0,28.0,28.0,193.04,8,3.0,38.0,187.96,205.0,114.9239502,16.35546875,393.6123047,3.127929688,2.0,13.63208008,True,0.680151367,0.52265625,8.209472656
484.0,193.04,185.0,26.0,3.0,190.5,7,1.0,30.0,187.96,205.0,32.640625,146.5,0.5,6.0,0.0,18.2890625,True,0.0,0.445,13.6953125
485.0,187.96,255.0,28.0,3.0,205.74,9,1.0,29.0,193.04,245.0,85.0,0.0,0.0,35.0,1.0,41.0,True,0.5,0.61,6.0
486.0,190.5,185.0,29.0,11.0,185.42,7,3.0,33.0,182.88,185.0,121.5378418,73.25,19.328125,1.4375,3.0,29.72509766,False,0.477583008,0.6365625,12.41015625
487.0,167.64,135.0,41.0,21.0,172.72,3,2.0,36.0,167.64,145.0,191.75,289.21875,102.28125,1.8984375,2.0,17.3125,True,0.3125,0.514609375,5.1875
488.0,180.34,170.0,28.0,0.0,187.96,7,0.0,27.0,182.88,170.0,120.0,92.375,95.0,4.0,0.0,21.75,False,0.25,0.46,8.828125
489.0,182.88,205.0,24.0,4.0,177.8,8,1.0,32.0,180.34,205.0,137.5,0.0,1.0,3.5,0.0,0.25,False,0.685,0.605,7.5
490.0,185.42,185.0,31.0,8.0,182.88,7,1.0,32.0,182.88,185.0,225.0625,422.75,119.75,9.75,0.0,5.640625,True,0.411875,0.5075,4.78125
491.0,182.88,155.0,25.0,1.0,182.88,4,1.0,25.0,182.88,145.0,14.0,0.0,3.0,0.0,1.0,15.75,False,0.0,0.66,2.75
492.0,182.88,185.0,35.0,35.0,187.96,7,4.0,27.0,185.42,185.0,183.2597656,42.45874023,131.3121338,1.921661377,4.0,19.2890625,True,0.041015625,0.543699799,6.130859375
493.0,193.04,238.0,35.0,52.0,203.2,9,9.0,28.0,193.04,265.0,412.7558594,15.42399216,9.218530655,3.373420715,9.0,4.400390625,True,0.763203125,0.574966602,1.1484375
494.0,190.5,170.0,26.0,5.0,185.42,6,1.0,30.0,182.88,170.0,162.0,250.5,135.5,3.5,1.0,46.0,True,0.66,0.48,4.0
495.0,172.72,135.0,24.0,0.0,180.34,3,0.0,25.0,167.64,135.0,266.0,92.375,95.0,4.0,0.0,6.0,True,0.16,0.46,2.0
496.0,167.64,115.0,30.0,32.0,165.1,1,8.0,25.0,165.1,115.0,137.265625,135.7421875,43.828125,32.17578125,8.0,16.421875,True,0.36828125,0.335351563,8.78125
497.0,185.42,155.0,27.0,3.0,182.88,5,0.0,27.0,182.88,145.0,0.0,551.0,101.0,9.0,0.0,11.0,True,0.0,0.42,6.0
498.0,170.18,155.0,25.0,11.0,177.8,5,1.0,24.0,175.26,155.0,359.125,36.5,328.875,6.5,1.0,9.5625,True,0.21,0.35875,3.75
499.0,180.34,145.0,21.0,6.0,172.72,4,2.0,33.0,177.8,145.0,16.75,41.75,18.25,2.25,0.0,31.453125,True,0.04125,0.31,15.53125
500.0,187.96,170.0,24.0,2.0,180.34,6,2.0,20.0,182.88,170.0,167.5,0.0,72.5,0.0,2.0,10.625,False,0.3,0.56,1.75
501.0,167.64,170.0,28.0,10.0,182.88,5,2.0,26.0,175.26,155.0,228.5,91.0,262.0,1.625,0.0,4.75,True,0.75,0.2575,4.5
502.0,187.96,205.0,37.0,35.0,193.04,8,7.0,31.0,187.96,185.0,8.625,10.84249878,24.89517212,1.756767273,1.0,20.46875,True,0.125,0.405169983,2.0625
503.0,175.26,155.0,30.0,0.0,182.88,5,0.0,24.0,177.8,155.0,29.8125,92.375,95.0,4.0,0.0,23.1875,False,0.0625,0.46,8.375
504.0,185.42,145.0,29.0,29.0,175.26,4,2.0,24.0,172.72,145.0,569.5,251.5150146,26.28234863,2.906982422,2.0,20.5,True,0.545,0.262390137,8.5
505.0,170.18,145.0,33.0,19.0,175.26,4,3.0,29.0,172.72,145.0,79.4609375,82.609375,20.4140625,1.15625,3.0,63.75,True,0.092578125,0.64390625,35.171875
506.0,182.88,185.0,37.0,24.0,190.5,7,4.0,26.0,187.96,170.0,394.71875,33.54370117,182.4146729,2.322143555,3.0,11.875,True,0.7675,0.552025757,6.46875
507.0,172.72,125.0,25.0,17.0,162.56,2,2.0,31.0,165.1,125.0,88.0,178.0625,120.03125,6.21875,0.0,64.75,True,0.1625,0.3603125,15.25
508.0,190.5,155.0,29.0,12.0,177.8,5,5.0,33.0,172.72,155.0,138.3125,139.75,26.3125,1.78125,5.0,14.83984375,True,0.55359375,0.360625,3.04296875
509.0,182.88,170.0,30.0,38.0,203.2,6,4.0,32.0,190.5,170.0,188.5194769,190.9298096,55.61914063,12.84350586,0.0,37.06735229,True,0.345358696,0.287484131,5.699589729
510.0,193.04,240.0,35.0,3.0,198.12,9,2.0,29.0,193.04,245.0,61.828125,37.75,53.25,1.75,2.0,8.96875,True,0.0625,0.595,3.6875
511.0,182.88,170.0,24.0,0.0,193.04,6,0.0,33.0,180.34,170.0,181.125,92.375,95.0,4.0,0.0,58.21875,True,0.375,0.46,18.5
512.0,180.34,170.0,33.0,9.0,190.5,6,1.0,31.0,180.34,170.0,85.0,129.25,98.0,6.5,0.0,9.0,True,0.25,0.4,6.0
513.0,182.88,170.0,29.0,19.0,190.5,6,2.0,27.0,180.34,170.0,28.03515625,172.75,32.875,4.5859375,1.0,26.9296875,False,0.02375,0.526953125,5.3984375
514.0,185.42,170.0,26.0,0.0,185.42,6,0.0,34.0,182.88,170.0,119.75,92.375,95.0,4.0,0.0,31.5,True,0.16,0.46,21.75
515.0,190.5,230.0,28.0,8.0,190.5,8,1.0,27.0,182.88,205.0,222.5,94.125,129.5,2.875,0.0,24.0,True,0.58,0.47375,7.5
516.0,162.56,135.0,28.0,9.0,170.18,2,3.0,30.0,165.1,125.0,138.1875,26.0,299.75,2.5,3.0,10.75,True,0.571875,0.47,7.25
517.0,172.72,155.0,34.0,0.0,185.42,5,0.0,36.0,175.26,155.0,25.23373413,92.375,95.0,4.0,0.0,19.11929321,True,0.048858643,0.46,5.968505859
518.0,177.8,155.0,34.0,64.0,185.42,5,3.0,28.0,177.8,155.0,95.75,16.81313272,46.40677872,1.339019805,0.0,33.25,False,0.5,0.455049851,14.75
519.0,175.26,135.0,33.0,3.0,172.72,3,0.0,30.0,167.64,135.0,115.0,309.0,0.0,16.0,0.0,36.0,False,0.22,0.5,10.0
520.0,177.8,155.0,30.0,32.0,185.42,5,5.0,30.0,177.8,170.0,36.8125,45.9654541,378.1593628,5.793579102,1.0,74.75,False,0.2,0.54652771,18.5625
521.0,162.56,125.0,29.0,0.0,170.18,2,0.0,37.0,165.1,125.0,98.46875,92.375,95.0,4.0,0.0,58.58203125,True,0.49359375,0.46,22.3125
522.0,162.56,125.0,33.0,6.0,167.64,2,2.0,33.0,167.64,125.0,48.58007813,119.0,68.5,10.5,2.0,29.09277344,True,0.1171875,0.49,10.21484375
523.0,175.26,170.0,32.0,4.0,185.42,6,2.0,31.0,175.26,170.0,322.5537109,52.25,230.25,0.5,0.0,2.381347656,False,0.37715332,0.395,2.004882813
524.0,160.02,125.0,29.0,0.0,177.8,3,0.0,24.0,175.26,125.0,194.0,92.375,95.0,4.0,0.0,12.0,False,0.5,0.46,4.0
525.0,177.8,155.0,34.0,7.0,172.72,5,2.0,32.0,177.8,155.0,21.75,37.0,419.75,15.25,0.0,19.0,True,0.0825,0.385,7.25
526.0,170.18,155.0,28.0,24.0,187.96,5,3.0,33.0,177.8,145.0,213.7861328,52.453125,463.5585938,12.859375,1.0,11.34570313,True,0.295019531,0.377148438,11.1953125
527.0,185.42,205.0,30.0,0.0,190.5,8,0.0,39.0,190.5,205.0,154.46875,92.375,95.0,4.0,0.0,3.28125,True,0.3721875,0.46,3.3125
528.0,185.42,185.0,34.0,29.0,187.96,8,7.0,38.0,180.34,185.0,198.25,84.58056641,69.77026367,14.62133789,7.0,15.5,False,0.25375,0.524448242,9.5
529.0,175.26,135.0,26.0,4.0,167.64,3,1.0,25.0,170.18,135.0,172.0,68.5,54.5,6.0,0.0,20.0,False,0.5,0.41,15.0
530.0,185.42,185.0,30.0,14.0,187.96,7,4.0,29.0,182.88,185.0,174.8125,100.6015625,40.21875,2.921875,0.0,6.0546875,True,0.3909375,0.5346875,1.8359375
531.0,167.64,135.0,28.0,18.0,177.8,5,3.0,31.0,175.26,155.0,130.3772583,91.421875,154.265625,3.59375,3.0,29.14993286,True,0.103302002,0.4265625,10.54364014
532.0,193.04,205.0,28.0,0.0,187.96,8,0.0,24.0,182.88,185.0,120.0,92.375,95.0,4.0,0.0,21.75,True,0.25,0.46,8.828125
533.0,187.96,170.0,27.0,4.0,180.34,5,1.0,29.0,172.72,155.0,149.875,40.0,61.0,10.5,1.0,21.375,True,0.2575,0.425,5.09375
534.0,180.34,185.0,28.0,0.0,200.66,7,0.0,31.0,182.88,185.0,47.71875,92.375,95.0,4.0,0.0,32.46875,False,0.3184375,0.46,11.1875
535.0,180.34,145.0,30.0,32.0,182.88,5,4.0,29.0,177.8,155.0,17.0,24.67724609,59.12243652,8.287841797,4.0,42.9921875,True,0.00515625,0.454243164,20.3125
536.0,185.42,205.0,34.0,20.0,203.2,9,3.0,31.0,193.04,240.0,116.78125,339.03125,54.34375,0.765625,1.0,51.84375,True,0.6515625,0.56875,6.75
537.0,182.88,185.0,25.0,2.0,185.42,7,0.0,28.0,177.8,185.0,120.0,159.0,38.0,2.0,0.0,21.75,True,0.25,0.48,8.828125
538.0,177.8,135.0,28.0,9.0,185.42,4,1.0,27.0,185.42,145.0,323.0,301.0,38.25,12.25,0.0,54.25,True,0.49,0.3475,12.25
539.0,180.34,185.0,45.0,39.0,187.96,7,4.0,38.0,182.88,185.0,6.599121094,104.0825195,5.978759766,1.427307129,2.0,6.930164337,True,6.48e-05,0.583355103,1.715791702
540.0,177.8,205.0,36.0,20.0,190.5,8,3.0,29.0,187.96,205.0,124.1875,12.43554688,93.70507813,6.0,0.0,32.875,True,0.32,0.483769531,19.78125
541.0,177.8,170.0,29.0,2.0,182.88,6,1.0,31.0,180.34,170.0,290.4296875,25.0,17.0,1.0,1.0,47.15625,False,0.29171875,0.4,13.46875
542.0,182.88,170.0,35.0,12.0,187.96,6,2.0,34.0,182.88,170.0,485.7832031,106.25,283.75,4.8125,0.0,8.115234375,True,0.489804688,0.44625,2.134765625
543.0,165.1,115.0,33.0,15.0,160.02,1,3.0,30.0,162.56,115.0,210.6015625,186.6875,101.125,23.5,0.0,24.234375,True,0.55984375,0.441875,18.375
544.0,190.5,185.0,29.0,1.0,190.5,8,1.0,27.0,185.42,185.0,329.0,0.0,89.0,4.0,1.0,9.0,True,0.8,0.7,3.0
545.0,175.26,155.0,36.0,18.0,172.72,5,2.0,26.0,172.72,155.0,10.0,115.875,198.40625,0.4765625,1.0,57.0,True,0.0,0.278359375,18.0
546.0,175.26,155.0,33.0,15.0,185.42,5,3.0,24.0,182.88,155.0,88.375,38.1875,258.09375,7.90625,1.0,0.75,True,0.5,0.471875,0.5
547.0,182.88,185.0,22.0,3.0,180.34,6,1.0,25.0,182.88,155.0,746.0,255.0,22.0,4.0,1.0,4.0,True,0.43,0.41,3.0
548.0,172.72,145.0,30.0,7.0,172.72,4,1.0,32.0,177.8,145.0,33.5,87.3125,83.5625,1.625,0.0,60.90625,True,0.0825,0.38,28.0625
549.0,185.42,155.0,32.0,12.0,177.8,5,1.0,27.0,172.72,155.0,72.8515625,129.75,16.5,18.0,0.0,7.31640625,True,0.049765625,0.465,4.0078125
550.0,175.26,155.0,30.0,10.0,182.88,5,2.0,24.0,170.18,155.0,239.0,51.5,168.5,9.125,0.0,46.5,True,0.165,0.39875,13.5
551.0,170.18,135.0,25.0,6.0,165.1,4,2.0,30.0,175.26,145.0,143.0,67.25,7.5,5.75,0.0,29.75,False,0.0,0.52,19.25
552.0,167.64,135.0,30.0,0.0,180.34,4,0.0,32.0,172.72,145.0,74.78125,92.375,95.0,4.0,0.0,38.9375,False,0.1903125,0.46,11.96875
553.0,185.42,155.0,29.0,14.0,182.88,5,4.0,25.0,177.8,155.0,114.0,13.5,14.171875,11.875,4.0,9.75,True,0.165,0.45453125,2.0
554.0,170.18,135.0,25.0,0.0,175.26,3,0.0,26.0,170.18,135.0,107.03125,92.375,95.0,4.0,0.0,25.9375,False,0.2075,0.46,11.65625
555.0,177.8,145.0,30.0,6.0,170.18,5,3.0,33.0,167.64,155.0,208.78125,23.375,118.25,0.375,0.0,12.09375,False,0.178125,0.56625,8.4375
556.0,193.04,264.0,36.0,15.0,182.88,9,2.0,41.0,177.8,265.0,58.21875,113.6640625,55.2265625,2.7578125,0.0,27.18359375,True,0.28671875,0.484296875,8.017578125
557.0,187.96,242.0,34.0,26.0,203.2,9,4.0,31.0,193.04,240.0,108.5625,2.604049683,21.27200317,0.805038452,4.0,57.6875,True,0.303125,0.685727844,6.5
558.0,175.26,170.0,31.0,0.0,182.88,6,0.0,25.0,177.8,170.0,192.1484375,92.375,95.0,4.0,0.0,29.60546875,True,0.525898438,0.46,9.03515625
559.0,167.64,185.0,30.0,6.0,195.58,7,1.0,32.0,185.42,185.0,158.2695313,16.5,280.0,4.0,1.0,37.89453125,True,0.176328125,0.5,12.48046875
560.0,177.8,170.0,33.0,0.0,185.42,6,0.0,25.0,185.42,170.0,2.0,92.375,95.0,4.0,0.0,5.0,True,0.0,0.46,0.0
561.0,170.18,135.0,32.0,10.0,185.42,3,2.0,24.0,167.64,135.0,280.75,113.875,303.0,7.875,0.0,23.25,True,0.165,0.48,15.25
562.0,177.8,265.0,39.0,10.0,195.58,9,4.0,29.0,193.04,238.0,40.77539063,87.4375,173.0,1.75,0.0,44.05664063,True,0.078125,0.536875,14.61328125
563.0,182.88,145.0,31.0,3.0,180.34,4,0.0,27.0,172.72,145.0,274.0,373.0,79.0,10.0,0.0,7.0,False,0.25,0.52,5.0
564.0,167.64,125.0,27.0,8.0,167.64,3,4.0,31.0,165.1,135.0,146.8125,0.1875,128.75,4.8125,0.0,20.625,True,0.323125,0.439375,6.875
565.0,187.96,185.0,31.0,27.0,187.96,7,3.0,36.0,185.42,185.0,59.37628174,69.52282715,254.8007813,7.838256836,0.0,35.24611664,True,0.158030396,0.578354492,16.2727356
566.0,187.96,185.0,26.0,3.0,182.88,7,1.0,30.0,182.88,185.0,316.0,3.0,479.0,6.0,1.0,13.0,True,0.33,0.42,2.0
567.0,172.72,155.0,30.0,27.0,177.8,5,2.0,31.0,180.34,155.0,90.875,52.75292969,23.24462891,2.776367188,2.0,35.625,False,0.125,0.346147461,23.5
568.0,187.96,250.0,31.0,3.0,198.12,9,0.0,33.0,190.5,260.0,7.4375,19.0,45.0,13.0,0.0,9.6875,True,0.0,0.46,0.625
569.0,167.64,125.0,29.0,4.0,170.18,3,1.0,26.0,167.64,125.0,371.0,210.0,170.5,5.5,0.0,5.5,True,0.21,0.485,1.5
570.0,187.96,185.0,32.0,0.0,195.58,7,0.0,26.0,182.88,205.0,120.0,92.375,95.0,4.0,0.0,21.75,True,0.25,0.46,8.828125
571.0,172.72,155.0,33.0,62.0,172.72,5,3.0,33.0,172.72,155.0,14.26611328,40.3301034,8.569601059,10.8055985,3.0,46.5012207,True,0.0,0.367789043,10.24951172
572.0,165.1,125.0,27.0,2.0,172.72,2,2.0,24.0,175.26,135.0,312.5,49.0,80.5,4.0,2.0,23.625,False,0.21875,0.53,12.0625
573.0,162.56,125.0,25.0,0.0,170.18,2,0.0,26.0,165.1,125.0,0.0,92.375,95.0,4.0,0.0,17.0,True,0.0,0.46,6.0
574.0,177.8,185.0,27.0,1.0,193.04,7,0.0,31.0,182.88,185.0,205.5,3.0,0.0,0.0,0.0,4.0,True,0.5,0.2,3.0
575.0,182.88,170.0,31.0,10.0,190.5,6,3.0,34.0,180.34,170.0,279.5675659,38.3125,92.3125,3.875,1.0,20.93096924,True,0.180847168,0.506875,19.49682617
576.0,190.5,265.0,30.0,0.0,193.04,9,0.0,33.0,190.5,235.0,120.0,92.375,95.0,4.0,0.0,21.75,False,0.25,0.46,8.828125
577.0,172.72,135.0,32.0,9.0,172.72,3,0.0,27.0,167.64,135.0,314.0,111.75,65.25,9.75,0.0,40.0,True,0.37,0.3275,23.0
578.0,182.88,185.0,35.0,43.0,195.58,7,4.0,33.0,182.88,185.0,130.5548096,89.69145584,138.1653214,2.209842682,1.0,43.87695313,True,0.201333008,0.549218178,11.3659668
579.0,180.34,170.0,30.0,9.0,180.34,6,1.0,29.0,182.88,170.0,51.828125,290.0,73.25,11.5,1.0,59.65625,True,0.3365625,0.425,4.53125
580.0,167.64,125.0,35.0,25.0,167.64,2,2.0,34.0,167.64,125.0,15.39501953,88.80566406,135.0957031,27.33691406,1.0,64.52319336,True,0.029296875,0.495244141,28.30371094
581.0,175.26,155.0,29.0,5.0,190.5,6,2.0,25.0,185.42,170.0,269.890625,110.5,461.0,1.5,2.0,35.4375,False,0.30828125,0.78,11.96875
582.0,175.26,170.0,37.0,6.0,185.42,6,2.0,31.0,177.8,170.0,64.40026855,144.5625,84.8125,0.125,0.0,10.72729492,False,0.079576416,0.41625,2.511962891
583.0,182.88,170.0,35.0,15.0,193.04,6,3.0,22.0,182.88,170.0,257.0,209.125,169.375,6.40625,0.0,17.25,True,0.6075,0.468125,12.5
584.0,177.8,170.0,37.0,0.0,187.96,6,0.0,28.0,185.42,170.0,120.0,92.375,95.0,4.0,0.0,21.75,False,0.25,0.46,8.828125
585.0,185.42,185.0,37.0,8.0,190.5,7,3.0,29.0,187.96,185.0,78.85394287,250.375,67.375,4.125,0.0,25.93243408,True,0.1875,0.6475,11.95318604
586.0,172.72,170.0,35.0,34.0,187.96,6,4.0,32.0,185.42,170.0,246.0,14.0456543,180.78125,1.064941406,1.0,28.75,True,0.291875,0.405397949,8.8125
587.0,172.72,170.0,29.0,3.0,187.96,6,1.0,31.0,182.88,170.0,592.4345703,49.0,707.0,16.0,1.0,9.697265625,True,0.709570313,0.5,5.341796875
588.0,172.72,145.0,27.0,7.0,172.72,4,1.0,30.0,172.72,145.0,2.0,139.5,17.0,10.75,1.0,41.0,True,0.0,0.4475,15.0
589.0,182.88,265.0,29.0,0.0,203.2,9,0.0,31.0,195.58,265.0,33.75,92.375,95.0,4.0,0.0,7.75,False,0.0,0.46,0.0
590.0,182.88,170.0,27.0,0.0,187.96,7,0.0,26.0,182.88,185.0,120.0,92.375,95.0,4.0,0.0,21.75,False,0.25,0.46,8.828125
591.0,172.72,135.0,34.0,2.0,165.1,3,1.0,24.0,172.72,135.0,29.0,81.0,33.0,2.0,1.0,45.0,True,0.33,0.5,23.0
592.0,170.18,125.0,26.0,6.0,160.02,2,1.0,29.0,160.02,125.0,112.0,70.5,215.0,3.5,0.0,26.5,False,0.5,0.435,37.5
593.0,182.88,170.0,29.0,35.0,193.04,6,4.0,32.0,177.8,170.0,211.5,217.8596191,100.2382813,6.687011719,0.0,20.0,True,0.4825,0.284968262,9.25
594.0,177.8,155.0,25.0,5.0,180.34,5,1.0,19.0,182.88,170.0,0.0,110.0,285.0,0.0,0.0,3.0,True,1.0,0.26,0.0
595.0,172.72,145.0,28.0,13.0,167.64,4,1.0,32.0,172.72,145.0,262.0,56.125,323.0,1.84375,1.0,19.5,True,0.375,0.4634375,7.0
596.0,172.72,155.0,31.0,16.0,190.5,5,1.0,27.0,180.34,145.0,16.34375,35.875,380.96875,6.09375,0.0,23.90625,True,0.0625,0.480625,4.40625
597.0,185.42,185.0,28.0,5.0,208.28,9,2.0,32.0,190.5,265.0,130.0,130.0,51.5,2.0,2.0,11.5,True,0.0,0.52,4.5
598.0,193.04,205.0,29.0,0.0,193.04,8,0.0,31.0,182.88,205.0,120.0,92.375,95.0,4.0,0.0,21.75,True,0.25,0.46,8.828125
599.0,180.34,155.0,27.0,0.0,175.26,5,0.0,24.0,172.72,155.0,120.0,92.375,95.0,4.0,0.0,21.75,True,0.25,0.46,8.828125
600.0,185.42,170.0,28.0,3.0,182.88,6,0.0,33.0,180.34,185.0,40.0,539.0,23.0,1.0,0.0,9.0,True,0.0,0.53,3.0
601.0,182.88,205.0,34.0,23.0,187.96,8,3.0,33.0,185.42,205.0,0.0,496.1953125,105.9726563,1.7421875,0.0,23.0,True,0.0,0.416875,8.0
602.0,172.72,145.0,26.0,9.0,185.42,5,1.0,28.0,180.34,155.0,114.5,121.0,344.25,8.25,1.0,27.5,True,0.0,0.4425,15.75
603.0,182.88,185.0,40.0,18.0,190.5,7,4.0,29.0,185.42,185.0,218.953125,21.515625,72.9921875,2.5,2.0,23.25,False,0.3146875,0.32046875,9.109375
604.0,160.02,125.0,29.0,6.0,172.72,2,1.0,32.0,167.64,125.0,53.375,205.0,35.0,1.5,1.0,7.5625,True,0.169375,0.515,7.75
605.0,190.5,230.0,30.0,8.0,195.58,9,4.0,30.0,193.04,231.0,109.5,241.375,114.375,15.9375,4.0,15.0,True,0.0,0.6975,4.0
606.0,172.72,170.0,32.0,18.0,180.34,7,3.0,34.0,175.26,185.0,143.0,86.59570313,51.64648438,2.87890625,1.0,22.0,True,0.5,0.25234375,32.0
607.0,177.8,145.0,23.0,1.0,180.34,4,0.0,24.0,175.26,145.0,120.0,172.0,0.0,0.0,0.0,21.75,False,0.25,0.28,8.828125
608.0,180.34,205.0,28.0,3.0,198.12,8,0.0,24.0,177.8,205.0,22.0,548.0,107.0,4.0,0.0,4.0,True,0.5,0.48,5.0
609.0,167.64,125.0,25.0,0.0,180.34,3,0.0,21.0,165.1,125.0,77.0,92.375,95.0,4.0,0.0,21.0,True,0.5,0.46,3.0
610.0,175.26,170.0,25.0,11.0,193.04,6,3.0,24.0,185.42,170.0,7.5,141.125,426.875,1.25,0.0,7.0859375,False,0.1328125,0.35875,3.0859375
611.0,182.88,155.0,32.0,2.0,180.34,5,0.0,30.0,182.88,155.0,21.0234375,84.0,0.0,6.0,0.0,16.2109375,False,0.26828125,0.34,5.8515625
612.0,187.96,185.0,28.0,25.0,190.5,7,4.0,31.0,187.96,170.0,268.5697632,36.03857422,133.5720215,1.662597656,0.0,11.88842773,True,0.414624023,0.545795898,6.622009277
613.0,175.26,155.0,27.0,16.0,185.42,5,1.0,26.0,177.8,155.0,155.09375,44.9375,125.890625,8.390625,0.0,44.90625,True,0.4184375,0.45078125,8.1875
614.0,193.04,205.0,23.0,13.0,193.04,8,3.0,29.0,185.42,205.0,92.0,3.8125,179.078125,3.96875,3.0,20.4375,True,0.056875,0.60515625,10.75
615.0,167.64,145.0,34.0,19.0,175.26,4,2.0,28.0,167.64,135.0,330.046875,38.8984375,26.09765625,6.48828125,1.0,22.90625,False,0.58859375,0.349023438,7.171875
616.0,167.64,125.0,32.0,14.0,175.26,2,1.0,27.0,177.8,125.0,423.25,64.40625,10.265625,7.078125,0.0,19.0,True,0.5,0.73015625,9.75
617.0,190.5,185.0,24.0,1.0,190.5,6,1.0,28.0,185.42,170.0,168.5,45.0,58.0,4.0,1.0,24.5625,False,0.140625,0.61,10.9375
618.0,182.88,185.0,39.0,14.0,190.5,7,3.0,37.0,182.88,205.0,62.0262394,75.0625,280.96875,2.0,2.0,11.84300232,False,0.079777012,0.401875,5.567619324
619.0,154.94,115.0,28.0,20.0,157.48,1,3.0,26.0,154.94,115.0,344.894043,170.984375,219.0,7.375,3.0,49.375,True,0.48015625,0.5478125,24.30224609
620.0,172.72,125.0,24.0,9.0,172.72,3,2.0,30.0,175.26,135.0,44.5,250.5,239.25,2.75,0.0,66.0,True,0.5,0.4725,25.25
621.0,170.18,125.0,29.0,3.0,172.72,2,0.0,30.0,170.18,125.0,120.0,64.0,369.0,10.0,0.0,21.75,False,0.25,0.42,8.828125
622.0,167.64,135.0,27.0,6.0,187.96,4,1.0,23.0,180.34,145.0,226.5,250.5,232.0,8.0,1.0,9.5,True,0.51,0.425,20.0
623.0,190.5,170.0,26.0,3.0,182.88,6,1.0,31.0,182.88,170.0,130.5,327.0,308.0,8.0,1.0,23.0,True,0.18,0.54,20.0
624.0,175.26,135.0,28.0,2.0,162.56,3,1.0,24.0,162.56,125.0,56.0,155.0,69.0,2.0,1.0,6.375,True,0.375,0.26,8.75
625.0,185.42,185.0,32.0,21.0,190.5,7,3.0,28.0,185.42,185.0,207.8125,9.76953125,234.7539063,3.400390625,3.0,25.0,False,0.16875,0.410996094,12.4375
626.0,177.8,170.0,27.0,0.0,187.96,6,0.0,33.0,185.42,170.0,4.0,92.375,95.0,4.0,0.0,49.0,False,0.0,0.46,24.0
627.0,175.26,155.0,29.0,6.0,180.34,5,1.0,32.0,175.26,155.0,249.5,6.0,286.5,7.0,1.0,17.5,False,0.35,0.315,3.5
628.0,170.18,125.0,37.0,9.0,177.8,2,2.0,31.0,172.72,125.0,4.09375,2.375,24.375,2.25,0.0,17.03125,True,0.140625,0.48375,1.0
629.0,180.34,155.0,35.0,30.0,190.5,5,3.0,33.0,180.34,145.0,28.14939404,147.5209961,91.14404297,14.00634766,2.0,44.68649006,True,0.018205032,0.492387695,10.17130756
630.0,180.34,185.0,31.0,6.0,195.58,7,2.0,35.0,185.42,185.0,127.2484741,352.0,186.0,9.0,2.0,25.04711914,True,0.223297119,0.575,19.8260498
631.0,190.5,205.0,27.0,7.0,193.04,8,2.0,37.0,185.42,205.0,23.35632324,92.375,61.875,3.1875,2.0,33.78813934,True,0.199264755,0.6525,3.314788818
632.0,182.88,170.0,30.0,1.0,180.34,6,0.0,30.0,177.8,170.0,103.0625,119.0,0.0,0.0,0.0,27.125,True,0.5625,0.18,31.30078125
633.0,170.18,125.0,32.0,27.0,172.72,2,2.0,31.0,165.1,125.0,129.5,126.2675781,248.0273438,2.169921875,0.0,27.3125,False,0.4834375,0.447558594,9.84375
634.0,162.56,135.0,29.0,12.0,167.64,2,4.0,29.0,160.02,125.0,412.7324219,13.0,187.875,2.25,4.0,47.55517578,True,0.45362793,0.43,24.39672852
635.0,193.04,205.0,29.0,18.0,193.04,8,3.0,36.0,185.42,205.0,46.71264648,104.453125,21.0859375,1.7109375,0.0,63.57627869,True,0.39852951,0.54171875,6.629577637
636.0,170.18,135.0,25.0,4.0,172.72,3,2.0,33.0,170.18,145.0,26.0625,86.5,8.5,1.5,2.0,65.0,False,0.54,0.525,25.5625
637.0,177.8,145.0,24.0,3.0,185.42,3,2.0,24.0,177.8,135.0,53.0,118.5,68.5,0.0,2.0,74.0,True,0.0,0.51,21.0
638.0,198.12,205.0,39.0,12.0,200.66,8,2.0,32.0,185.42,205.0,51.0,160.75,148.0625,2.25,1.0,35.0,False,0.0,0.8075,9.0
639.0,177.8,170.0,29.0,8.0,172.72,6,2.0,34.0,180.34,170.0,130.8225098,432.0,18.25,8.75,2.0,46.1126709,True,0.215087891,0.4475,26.52026367
640.0,170.18,145.0,26.0,5.0,177.8,4,2.0,33.0,175.26,145.0,138.0,207.0,110.0,2.75,2.0,30.0,True,0.0,0.5375,11.0
641.0,177.8,145.0,24.0,3.0,180.34,4,0.0,29.0,175.26,145.0,120.25,815.0,0.0,0.0,0.0,21.75,True,0.225,0.66,10.75
642.0,187.96,205.0,37.0,25.0,195.58,8,3.0,31.0,190.5,205.0,24.53125,251.4501953,133.2568359,3.487304688,0.0,12.9375,True,0.1421875,0.396894531,3.5625
643.0,170.18,155.0,34.0,20.0,172.72,5,2.0,33.0,170.18,155.0,217.4394531,193.625,349.5,19.09375,0.0,17.16210938,False,0.052695313,0.616875,12.01171875
644.0,180.34,145.0,30.0,10.0,185.42,4,1.0,28.0,177.8,145.0,109.09375,143.0625,70.375,0.53125,0.0,10.09375,True,0.13765625,0.3725,6.4140625
645.0,172.72,135.0,29.0,2.0,177.8,3,1.0,24.0,170.18,145.0,1.25,0.0,17.0,1.5,0.0,43.0,True,0.0,0.425,5.25
646.0,187.96,205.0,31.0,11.0,198.12,8,3.0,34.0,190.5,230.0,44.74755859,82.875,7.0625,1.9375,3.0,12.01074219,True,0.146484375,0.266875,9.331054688
647.0,172.72,155.0,29.0,11.0,185.42,5,1.0,35.0,175.26,155.0,136.869873,108.5,158.875,6.375,0.0,17.9543457,True,0.390869141,0.3025,5.748046875
648.0,190.5,265.0,32.0,0.0,187.96,9,0.0,33.0,182.88,247.0,55.875,92.375,95.0,4.0,0.0,12.125,True,0.1325,0.46,20.125
649.0,182.88,185.0,32.0,10.0,185.42,7,3.0,36.0,182.88,170.0,210.5,193.4375,125.4375,1.0,0.0,14.375,True,0.4325,0.40875,3.375
650.0,172.72,145.0,28.0,5.0,170.18,3,1.0,31.0,180.34,135.0,496.5,205.5,25.0,8.5,1.0,18.0,True,0.33,0.4,5.5
651.0,185.42,205.0,31.0,7.0,200.66,8,1.0,33.0,185.42,205.0,96.5,128.5,417.75,13.25,1.0,22.0,True,0.5,0.8025,9.0
652.0,175.26,170.0,21.0,3.0,177.8,5,0.0,28.0,177.8,170.0,41.0,108.0,250.0,1.0,0.0,36.5,True,0.5,0.27,10.5
653.0,167.64,125.0,30.0,18.0,162.56,2,1.0,28.0,162.56,135.0,294.5,307.75,113.0625,1.75,1.0,34.5,True,0.425,0.4471875,17.0
654.0,177.8,155.0,31.0,0.0,187.96,5,0.0,32.0,180.34,155.0,49.75,92.375,95.0,4.0,0.0,17.5,True,0.17,0.46,14.5
655.0,177.8,265.0,42.0,32.0,203.2,9,4.0,36.0,193.04,265.0,33.51171875,307.736084,8.02734375,0.983398438,0.0,13.3828125,True,0.267578125,0.43041748,5.27734375
656.0,177.8,155.0,29.0,15.0,175.26,5,1.0,34.0,172.72,155.0,13.28480053,35.4375,23.9375,6.75,1.0,63.21137387,False,0.037189841,0.381875,18.84872031
657.0,170.18,135.0,27.0,3.0,165.1,3,0.0,27.0,162.56,125.0,227.0,306.0,103.0,2.0,0.0,41.0,True,0.29,0.15,12.0
658.0,180.34,170.0,27.0,13.0,182.88,6,4.0,38.0,185.42,170.0,534.3429375,16.25,80.5625,0.8125,4.0,5.905197144,False,0.70168705,0.659375,5.400523186
659.0,170.18,135.0,29.0,13.0,172.72,3,2.0,23.0,172.72,135.0,208.5,363.625,178.4375,2.0,0.0,14.5,True,0.225,0.421875,6.0
660.0,180.34,205.0,33.0,4.0,193.04,8,2.0,32.0,190.5,205.0,88.3828125,13.625,68.75,0.375,2.0,22.203125,True,0.398203125,0.4575,2.02734375
661.0,165.1,125.0,25.0,6.0,152.4,1,1.0,28.0,152.4,115.0,0.25,213.0,23.0,10.0,0.0,49.0,False,0.25,0.39,24.0
662.0,175.26,135.0,31.0,0.0,167.64,3,0.0,28.0,165.1,135.0,71.0,92.375,95.0,4.0,0.0,45.0,True,0.0,0.46,20.0
663.0,182.88,185.0,24.0,6.0,187.96,7,1.0,32.0,185.42,185.0,165.203125,214.0,407.0,2.5,0.0,47.765625,True,0.1090625,0.445,18.203125
664.0,190.5,205.0,33.0,14.0,185.42,7,5.0,40.0,182.88,185.0,211.6953125,108.9453125,166.515625,7.6953125,0.0,29.4765625,False,0.33875,0.604921875,33.625
665.0,172.72,135.0,28.0,13.0,175.26,3,4.0,25.0,167.64,140.0,278.0,20.125,200.3125,17.3125,0.0,30.5,False,0.33,0.495,11.5
666.0,185.42,205.0,30.0,0.0,195.58,8,0.0,28.0,190.5,205.0,120.0,92.375,95.0,4.0,0.0,21.75,True,0.25,0.46,8.828125
667.0,190.5,155.0,28.0,7.0,185.42,5,3.0,20.0,180.34,170.0,341.5,50.0,17.5,5.25,3.0,13.5,True,0.43,0.225,1.5
668.0,190.5,205.0,29.0,6.0,195.58,8,3.0,24.0,190.5,205.0,109.71875,11.75,112.25,1.25,3.0,29.46875,True,0.0,0.56,4.125
669.0,182.88,145.0,27.0,8.0,182.88,4,1.0,25.0,172.72,145.0,60.0,47.75,196.0,0.5,0.0,52.0,True,0.6,0.485,15.5
670.0,190.5,155.0,29.0,11.0,182.88,5,5.0,27.0,177.8,155.0,144.3984375,199.5,24.625,3.5625,5.0,33.796875,True,0.2759375,0.42125,24.25
671.0,180.34,170.0,26.0,19.0,177.8,5,2.0,30.0,172.72,155.0,207.3359375,237.0078125,230.1484375,5.2890625,0.0,13.0703125,True,0.419921875,0.473203125,2.84375
672.0,175.26,155.0,30.0,9.0,180.34,5,2.0,26.0,175.26,155.0,45.125,73.75,209.5,7.5,2.0,66.75,True,0.65,0.47,22.75
673.0,177.8,155.0,26.0,0.0,180.34,5,0.0,32.0,175.26,155.0,200.8242188,92.375,95.0,4.0,0.0,2.96484375,True,0.240117188,0.46,1.1953125
674.0,185.42,185.0,29.0,2.0,193.04,7,2.0,33.0,187.96,205.0,69.9296875,58.5,32.5,0.5,2.0,11.36132813,False,0.265625,0.455,1.83984375
675.0,160.02,115.0,30.0,6.0,165.1,1,1.0,23.0,165.1,115.0,24.0,440.0,143.0,5.5,1.0,22.0,True,0.33,0.53,10.0
676.0,182.88,205.0,30.0,29.0,185.42,8,5.0,31.0,185.42,205.0,149.53125,22.08398438,253.4345703,0.9375,5.0,29.625,True,0.37125,0.231279297,12.0625
677.0,185.42,205.0,33.0,17.0,195.58,7,3.0,35.0,187.96,185.0,75.71777344,37.578125,601.71875,15.921875,0.0,40.31835938,False,0.06640625,0.5440625,2.828125
678.0,172.72,155.0,24.0,0.0,180.34,5,0.0,22.0,175.26,145.0,223.875,92.375,95.0,4.0,0.0,8.0,False,0.625,0.46,10.0
679.0,177.8,170.0,26.0,10.0,185.42,6,2.0,31.0,182.88,170.0,33.109375,24.25,15.125,5.625,2.0,25.19140625,True,0.002578125,0.53875,8.4375
680.0,177.8,185.0,29.0,3.0,185.42,7,0.0,36.0,177.8,185.0,85.0,505.0,94.0,2.0,0.0,6.75,True,0.25,0.38,1.5
681.0,177.8,155.0,34.0,5.0,172.72,5,2.0,24.0,167.64,145.0,194.5,55.25,38.75,0.25,0.0,32.1875,True,0.30125,0.5275,6.375
682.0,195.58,205.0,25.0,11.0,193.04,8,5.0,31.0,185.42,205.0,486.4375,14.703125,36.8125,10.46875,1.0,32.52734375,True,0.413554688,0.3409375,20.171875
683.0,185.42,205.0,26.0,4.0,190.5,8,0.0,32.0,185.42,205.0,29.0,455.5,0.0,0.0,0.0,5.0,False,0.0,0.465,4.0
684.0,185.42,170.0,27.0,3.0,185.42,6,1.0,33.0,172.72,155.0,139.5708008,200.0,61.0,19.0,1.0,27.53955078,True,0.324985352,0.4,23.79003906
685.0,182.88,185.0,29.0,3.0,195.58,7,0.0,34.0,180.34,185.0,109.9375,194.0,0.0,2.0,0.0,9.25,True,0.04125,0.31,6.875
686.0,177.8,145.0,24.0,6.0,190.5,4,1.0,26.0,182.88,155.0,111.5,508.5,23.0,12.5,0.0,10.6875,True,0.0825,0.495,9.4375
687.0,167.64,145.0,30.0,0.0,170.18,4,0.0,31.0,172.72,145.0,74.84375,92.375,95.0,4.0,0.0,13.03710938,False,0.13984375,0.46,5.979492188
688.0,185.42,205.0,39.0,19.0,182.88,9,7.0,25.0,193.04,265.0,425.125,123.4375,376.8125,5.8125,7.0,2.75,True,0.6225,0.78078125,2.0
689.0,185.42,185.0,31.0,24.0,190.5,8,2.0,33.0,185.42,205.0,138.375,133.53125,332.0976563,11.40625,2.0,31.125,True,0.3125,0.379609375,10.0
690.0,180.34,205.0,22.0,0.0,187.96,7,0.0,21.0,182.88,185.0,0.0,92.375,95.0,4.0,0.0,0.625,True,0.625,0.46,1.0625
691.0,187.96,185.0,41.0,49.0,182.88,8,16.0,37.0,180.34,235.0,309.25,76.79661179,4.434995651,16.63492775,16.0,50.078125,False,0.279375,0.53961832,25.421875
692.0,172.72,145.0,31.0,0.0,175.26,4,0.0,26.0,165.1,135.0,120.0,92.375,95.0,4.0,0.0,21.75,True,0.25,0.46,8.828125
693.0,190.5,265.0,27.0,3.0,195.58,9,1.0,40.0,190.5,240.0,35.26803758,72.0,69.0,9.0,1.0,35.07178476,True,0.19448365,0.5,17.37933741
694.0,165.1,135.0,27.0,0.0,172.72,3,0.0,27.0,172.72,135.0,185.0,92.375,95.0,4.0,0.0,22.0,False,1.0,0.46,4.0
695.0,175.26,155.0,24.0,6.0,177.8,5,1.0,28.0,175.26,155.0,293.0,502.5,235.5,2.5,0.0,42.0,True,0.225,0.57,8.0
696.0,185.42,170.0,26.0,0.0,190.5,6,0.0,31.0,185.42,170.0,120.0,92.375,95.0,4.0,0.0,21.75,True,0.25,0.46,8.828125
697.0,172.72,135.0,35.0,2.0,177.8,3,0.0,28.0,170.18,135.0,392.0,91.0,32.5,0.5,0.0,7.75,True,0.3325,0.58,13.25
698.0,154.94,115.0,26.0,9.0,165.1,1,3.0,23.0,165.1,115.0,524.25,77.75,313.0,6.0,3.0,21.75,True,0.7325,0.505,10.5
699.0,185.42,155.0,22.0,0.0,182.88,5,0.0,28.0,182.88,155.0,32.0,92.375,95.0,4.0,0.0,12.0,True,0.0,0.46,1.0
700.0,167.64,135.0,40.0,11.0,177.8,3,1.0,30.0,170.18,135.0,6.0,115.6875,202.75,5.0625,0.0,68.0,False,0.0,0.530625,1.0
701.0,177.8,155.0,25.0,20.0,180.34,4,2.0,28.0,175.26,145.0,151.7183189,286.953125,169.734375,3.49609375,2.0,43.90640259,True,0.41869339,0.537626953,13.29907227
702.0,175.26,155.0,35.0,31.0,193.04,5,6.0,27.0,180.34,155.0,38.0,59.79797363,85.93493652,3.292480469,0.0,21.5,False,0.33,0.40421875,5.0
703.0,165.1,125.0,23.0,6.0,160.02,1,1.0,31.0,162.56,115.0,86.40625,87.5,107.5,19.5,1.0,25.96875,True,0.308125,0.43,5.9375
704.0,182.88,170.0,31.0,29.0,203.2,6,4.0,32.0,190.5,170.0,71.03895378,40.46240234,36.46337891,17.83740234,1.0,40.13470459,True,0.120717392,0.439150391,8.399179459
705.0,175.26,145.0,31.0,73.0,177.8,4,3.0,32.0,167.64,145.0,56.25,48.65314461,34.40124343,17.31719874,0.0,27.6875,True,0.16625,0.350330561,8.25
706.0,177.8,155.0,26.0,3.0,180.34,5,0.0,23.0,177.8,155.0,222.0,650.0,15.0,4.0,0.0,0.0,True,0.0,0.47,0.0
707.0,177.8,155.0,31.0,4.0,190.5,5,1.0,34.0,185.42,155.0,5.125,68.0,327.5,8.5,0.0,34.15625,True,0.051875,0.27,11.28125
708.0,170.18,145.0,26.0,0.0,182.88,5,0.0,25.0,177.8,145.0,120.0,92.375,95.0,4.0,0.0,21.75,True,0.25,0.46,8.828125
709.0,180.34,170.0,22.0,11.0,193.04,6,3.0,20.0,185.42,185.0,403.0,43.75,204.4375,1.4375,3.0,1.0,False,0.46,0.470625,0.0
710.0,190.5,230.0,31.0,25.0,193.04,8,2.0,36.0,187.96,205.0,287.0273438,41.875,13.171875,5.865234375,0.0,18.7734375,True,0.293125,0.422382813,6.6484375
711.0,195.58,205.0,26.0,14.0,213.36,8,6.0,26.0,193.04,205.0,293.9543457,51.3515625,134.40625,8.234375,1.0,19.21240234,True,0.63394043,0.40046875,9.752197266
712.0,190.5,205.0,37.0,4.0,185.42,9,0.0,35.0,187.96,230.0,34.4375,121.5,132.5,5.0,0.0,13.6875,True,0.375,0.455,29.75
713.0,170.18,125.0,30.0,1.0,182.88,2,0.0,24.0,172.72,125.0,122.0,141.0,22.0,1.0,0.0,34.0,False,0.5,0.18,6.5
714.0,167.64,155.0,30.0,3.0,193.04,5,1.0,27.0,190.5,155.0,20.0,179.0,255.0,2.0,1.0,34.0,False,0.0,0.47,13.0
715.0,190.5,185.0,33.0,11.0,203.2,7,3.0,33.0,190.5,185.0,230.09375,85.328125,114.765625,1.609375,3.0,1.59375,True,0.1484375,0.4315625,3.71875
716.0,177.8,145.0,32.0,37.0,177.8,4,5.0,26.0,172.72,145.0,314.0,84.94671631,577.6642456,1.803710938,1.0,6.875,True,0.625,0.52960083,0.75
717.0,167.64,135.0,39.0,94.0,177.8,3,5.0,28.0,180.34,135.0,39.4375,0.365365431,69.47310568,7.751542658,3.0,33.765625,True,0.0625,0.444719206,9.21875
718.0,170.18,155.0,30.0,3.0,177.8,4,1.0,29.0,170.18,145.0,376.5625,27.0,127.0,6.0,1.0,34.09375,True,0.586875,0.51,12.65625
719.0,187.96,170.0,27.0,11.0,193.04,6,4.0,28.0,185.42,185.0,180.71875,90.125,62.875,6.3125,0.0,83.20800781,True,0.145175781,0.40125,9.12109375
720.0,160.02,115.0,35.0,3.0,154.94,1,0.0,24.0,154.94,115.0,59.0,271.0,7.0,15.0,0.0,40.5,False,0.58,0.56,23.5
721.0,180.34,170.0,29.0,3.0,182.88,6,1.0,34.0,182.88,170.0,178.15625,76.0,9.0,20.0,1.0,22.1875,True,0.15625,0.43,15.3125
722.0,187.96,170.0,27.0,8.0,182.88,6,3.0,37.0,177.8,170.0,491.3202606,160.875,100.9375,0.125,3.0,6.968958221,False,0.38272746,0.24,2.811696574
723.0,170.18,135.0,30.0,2.0,157.48,2,0.0,28.0,162.56,125.0,2.0,512.0,0.0,0.0,0.0,10.0,True,0.0,0.16,0.0
724.0,170.18,155.0,27.0,13.0,177.8,5,2.0,24.0,175.26,155.0,136.3125,176.5,389.0,5.375,0.0,11.53125,False,0.68125,0.5175,2.6875
725.0,175.26,155.0,25.0,13.0,180.34,5,2.0,31.0,175.26,155.0,407.59375,74.25,163.8125,7.375,2.0,4.71875,True,0.5909375,0.270625,7.5625
726.0,198.12,205.0,26.0,0.0,193.04,8,0.0,28.0,185.42,205.0,3.0625,92.375,95.0,4.0,0.0,14.375,True,0.0,0.46,9.5
727.0,180.34,155.0,29.0,6.0,177.8,4,1.0,31.0,177.8,145.0,364.5,93.75,85.25,0.5,0.0,7.0,False,0.83,0.5425,3.0
728.0,172.72,155.0,33.0,11.0,180.34,5,1.0,30.0,180.34,155.0,330.0,13.875,40.4375,7.125,1.0,7.5,False,0.515,0.4759375,4.5
729.0,167.64,135.0,30.0,42.0,177.8,5,5.0,28.0,175.26,170.0,249.5,47.29443359,108.7270508,14.54980469,3.0,41.375,True,0.78875,0.358955078,22.5
730.0,182.88,185.0,39.0,19.0,198.12,7,7.0,32.0,187.96,185.0,213.8242188,87.125,103.78125,8.484375,7.0,27.9296875,False,0.523164063,0.5428125,15.81640625
731.0,172.72,145.0,28.0,16.0,177.8,4,2.0,29.0,170.18,145.0,88.89953613,159.4375,141.25,18.84375,1.0,10.50671387,True,0.599506836,0.4384375,5.104248047
732.0,187.96,185.0,28.0,8.0,190.5,7,1.0,24.0,187.96,185.0,52.5,258.5,211.625,2.25,1.0,31.0,False,0.195,0.39,24.25
733.0,182.88,205.0,26.0,4.0,185.42,7,2.0,35.0,182.88,170.0,126.0,80.0,341.0,0.0,2.0,5.5,False,1.0,0.315,1.5
734.0,182.88,185.0,23.0,4.0,195.58,7,1.0,38.0,185.42,185.0,40.6875,273.0,102.5,2.0,1.0,18.8125,False,0.375,0.56,4.4375
735.0,180.34,155.0,33.0,8.0,180.34,5,3.0,27.0,175.26,155.0,120.0,38.0,49.0,7.0,3.0,21.75,True,0.25,0.36125,8.828125
736.0,162.56,115.0,33.0,15.0,162.56,1,4.0,32.0,160.02,115.0,44.53125,56.15625,211.25,9.625,1.0,60.625,True,0.25,0.363125,36.78125
737.0,182.88,170.0,30.0,14.0,187.96,6,3.0,35.0,185.42,170.0,143.25,21.0,8.4375,5.484375,0.0,20.125,True,0.71875,0.4775,7.8125
738.0,170.18,155.0,26.0,6.0,177.8,5,1.0,22.0,175.26,155.0,139.0,110.0,84.0,9.0,0.0,1.5,False,0.5,0.48,1.0
739.0,180.34,205.0,30.0,1.0,187.96,8,1.0,29.0,187.96,205.0,199.9414063,0.0,6.0,0.0,1.0,22.53125,True,0.259765625,0.56,9.9609375
740.0,182.88,170.0,33.0,11.0,185.42,6,1.0,30.0,180.34,155.0,120.0,312.625,85.5,1.5,0.0,21.75,True,0.25,0.39625,8.828125
741.0,175.26,145.0,30.0,1.0,177.8,4,0.0,27.0,180.34,145.0,39.7265625,18.0,4.0,3.0,0.0,11.609375,True,0.02203125,0.5,3.625
742.0,185.42,155.0,32.0,0.0,180.34,5,0.0,26.0,175.26,155.0,36.78125,92.375,95.0,4.0,0.0,56.9375,False,0.325,0.46,21.1875
743.0,185.42,145.0,27.0,1.0,172.72,4,1.0,31.0,170.18,135.0,120.0,0.0,1.0,1.0,1.0,21.75,True,0.25,0.42,8.828125
744.0,187.96,240.0,40.0,6.0,200.66,9,2.0,34.0,198.12,255.0,17.85314941,122.0,163.5,1.875,2.0,22.29473877,True,0.057200317,0.4325,10.52966309
745.0,182.88,185.0,24.0,7.0,193.04,7,1.0,24.0,185.42,170.0,255.0,182.5,139.5,3.25,0.0,42.0,True,0.2,0.505,25.0
746.0,180.34,170.0,30.0,9.0,182.88,6,2.0,22.0,177.8,170.0,252.5,128.0,145.25,3.75,0.0,6.75,True,0.4875,0.475,13.25
747.0,172.72,155.0,27.0,4.0,190.5,5,1.0,26.0,180.34,145.0,45.375,34.5,255.0,2.0,0.0,44.625,True,0.25,0.345,10.625
748.0,175.26,170.0,27.0,10.0,187.96,7,2.0,32.0,182.88,185.0,224.078125,345.3125,76.125,0.1875,1.0,4.0703125,True,0.18125,0.593125,2.3203125
749.0,172.72,135.0,26.0,6.0,167.64,3,2.0,36.0,167.64,135.0,112.0859375,25.0,375.0,3.0,2.0,4.9765625,True,0.83203125,0.26,1.09375
750.0,167.64,155.0,24.0,0.0,162.56,4,0.0,24.0,170.18,145.0,120.0,92.375,95.0,4.0,0.0,21.75,True,0.25,0.46,8.828125
751.0,177.8,135.0,28.0,0.0,160.02,3,0.0,27.0,160.02,125.0,120.0,92.375,95.0,4.0,0.0,21.75,True,0.25,0.46,8.828125
752.0,185.42,185.0,32.0,6.0,190.5,7,1.0,25.0,187.96,185.0,34.0,61.6875,73.0,2.0625,0.0,11.0,True,0.0,0.52875,6.0
753.0,182.88,170.0,34.0,19.0,182.88,6,3.0,26.0,177.8,155.0,311.875,32.8984375,232.5664063,2.18359375,0.0,14.4375,True,0.430625,0.458515625,6.5
754.0,182.88,170.0,28.0,15.0,185.42,6,1.0,23.0,180.34,170.0,203.421875,229.9375,19.3125,14.625,1.0,14.296875,False,0.5496875,0.3125,10.921875
755.0,190.5,185.0,33.0,12.0,182.88,7,2.0,30.0,185.42,170.0,165.0,276.75,144.1875,8.1875,2.0,2.0,True,0.56,0.653125,1.5
756.0,167.64,125.0,25.0,0.0,167.64,2,0.0,29.0,160.02,135.0,83.375,92.375,95.0,4.0,0.0,36.125,False,0.1875,0.46,26.25
757.0,187.96,185.0,31.0,0.0,193.04,7,0.0,28.0,182.88,185.0,259.0,92.375,95.0,4.0,0.0,30.0,True,0.33,0.46,3.0
758.0,170.18,145.0,28.0,0.0,185.42,4,0.0,24.0,170.18,145.0,120.0,92.375,95.0,4.0,0.0,21.75,True,0.25,0.46,8.828125
759.0,180.34,155.0,29.0,0.0,182.88,6,0.0,24.0,193.04,185.0,120.0,92.375,95.0,4.0,0.0,21.75,False,0.25,0.46,8.828125
760.0,175.26,155.0,32.0,3.0,177.8,5,1.0,32.0,167.64,155.0,123.25,0.0,668.0,3.0,1.0,22.25,True,0.6375,0.38,8.5
761.0,172.72,155.0,29.0,0.0,190.5,5,0.0,40.0,182.88,155.0,24.0625,92.375,95.0,4.0,0.0,15.765625,True,0.1740625,0.46,4.453125
762.0,190.5,230.0,32.0,15.0,193.04,9,1.0,35.0,190.5,230.0,79.58081055,87.640625,50.4375,7.359375,0.0,45.0418396,True,0.000534058,0.38171875,13.99111938
763.0,180.34,155.0,29.0,5.0,180.34,5,1.0,29.0,177.8,155.0,173.2707062,95.5,112.0,8.5,1.0,25.49057007,True,0.417007065,0.51,17.18463898
764.0,187.96,205.0,32.0,1.0,200.66,8,1.0,35.0,185.42,205.0,47.875,0.0,6.0,3.0,1.0,16.75,True,0.125,0.65,6.0
765.0,177.8,205.0,23.0,0.0,187.96,8,0.0,29.0,185.42,185.0,430.0,92.375,95.0,4.0,0.0,26.75,True,0.58,0.46,6.0
766.0,170.18,135.0,30.0,0.0,167.64,3,0.0,27.0,165.1,135.0,120.0,92.375,95.0,4.0,0.0,21.75,True,0.25,0.46,8.828125
767.0,177.8,155.0,27.0,19.0,180.34,5,3.0,29.0,177.8,155.0,101.0770264,383.2734375,65.3828125,3.71875,0.0,22.22668457,False,0.109232178,0.2971875,20.72631836
768.0,182.88,185.0,32.0,13.0,190.5,6,1.0,35.0,180.34,170.0,193.283783,16.46875,22.83203125,0.078125,1.0,30.96548462,False,0.090423584,0.527265625,17.74841309
769.0,182.88,170.0,30.0,0.0,190.5,6,0.0,22.0,180.34,170.0,120.0,92.375,95.0,4.0,0.0,21.75,True,0.25,0.46,8.828125
770.0,170.18,145.0,25.0,6.0,177.8,4,1.0,25.0,177.8,145.0,163.0,115.0,117.0,15.0,0.0,14.5,True,0.15,0.415,8.0
771.0,185.42,155.0,23.0,3.0,187.96,5,0.0,26.0,182.88,155.0,203.0,577.0,146.0,3.0,0.0,35.0,True,0.2,0.32,16.0
772.0,177.8,155.0,27.0,12.0,180.34,5,3.0,32.0,177.8,155.0,149.9239786,198.8125,137.0,13.1875,3.0,16.35786462,False,0.475057094,0.374375,13.53071547
773.0,177.8,170.0,35.0,30.0,190.5,6,2.0,35.0,180.34,170.0,287.6418915,279.8393555,100.1630859,8.574707031,2.0,19.48274231,True,0.295211792,0.422749023,10.37420654
774.0,172.72,135.0,25.0,18.0,172.72,3,3.0,32.0,170.18,145.0,17.125,126.765625,20.75,12.171875,0.0,38.0,False,0.75,0.401875,22.125
775.0,177.8,155.0,27.0,19.0,185.42,5,4.0,26.0,185.42,145.0,33.0703125,117.484375,144.34375,4.9921875,0.0,14.4296875,True,0.14453125,0.382148438,2.015625
776.0,190.5,185.0,33.0,18.0,182.88,7,2.0,37.0,182.88,185.0,6.46875,104.46875,165.0234375,3.8984375,2.0,24.484375,True,0.0,0.506640625,3.109375
777.0,180.34,155.0,30.0,4.0,185.42,5,1.0,22.0,180.34,170.0,87.84375,260.5,101.5,1.5,1.0,11.59375,False,0.099375,0.585,8.84375
778.0,177.8,155.0,31.0,21.0,180.34,5,3.0,32.0,170.18,155.0,376.3125,63.65185547,31.765625,2.317871094,0.0,6.9375,True,0.60875,0.360253906,1.4375
779.0,182.88,260.0,28.0,7.0,187.96,9,1.0,33.0,180.34,235.0,52.36132813,201.0,172.0,1.5,1.0,11.66601563,False,0.0,0.52,8.34375
780.0,180.34,135.0,26.0,3.0,172.72,3,0.0,28.0,175.26,135.0,145.9804688,8.0,47.0,10.0,0.0,14.55175781,False,0.136865234,0.2,10.74267578
