B_avg_DISTANCE_landed,R_avg_opp_SIG_STR_pct,R_age,B_avg_CTRL_time(seconds),B_avg_opp_SIG_STR_pct,B_avg_HEAD_att,B_avg_opp_LEG_att,B_age,B_avg_DISTANCE_att,R_losses,R_avg_opp_HEAD_landed,R_avg_opp_LEG_att,R_avg_LEG_att,B_avg_GROUND_att,R_avg_GROUND_landed,R_avg_opp_BODY_landed,R_avg_SUB_ATT,R_avg_opp_DISTANCE_att,R_avg_BODY_landed,R_avg_opp_CTRL_time(seconds)
17.6875,0.26625,27.0,349.5,0.44875,60.3125,0.625,35.0,58.125,1.0,20.5625,4.9375,15.21160888671875,12.875,1.9375,13.1875,0.0,126.8125,13.5625,94.9375
16.0625,0.5362792968750001,31.0,9.6875,0.371875,37.125,8.125,28.0,42.6875,5.0,22.541015625,14.3125,13.2587890625,0.125,1.556640625,13.3203125,0.0732421875,67.904296875,8.3369140625,273.6689453125
14.0,0.36,30.0,349.5,0.48,61.0,4.0,24.0,40.0,1.0,41.5,14.3125,15.21160888671875,19.0,1.0,13.3203125,0.0,126.8125,5.0,40.5
0.0,0.4,23.0,349.5,0.605,11.0,4.0,27.0,2.0,0.0,30.21875,5.6329345703125,2.6875,9.0,11.0,11.0,0.0,126.8125,6.0,37.28125
5.71875,0.33,24.0,219.75,0.4393749999999999,24.25,3.046875,33.0,18.984375,1.0,13.0,0.0,4.5,7.703125,0.5,1.0,1.125,5.0,1.0,0.0
23.0,0.296171875,22.0,68.5,0.42,43.1875,1.0,28.0,27.0,0.0,41.5,3.796875,15.21160888671875,7.25,7.625,2.0,0.0,104.0,2.20703125,85.0
18.0,0.4384846305847167,39.0,259.0,0.55,72.5,4.0,30.0,35.0,5.0,11.549166202545166,9.99987268447876,6.471562385559082,19.90234375,0.5572729110717773,3.077404022216797,0.0001330375671386,35.024115562438965,3.963397026062012,37.34788465499878
5.0,0.451690673828125,31.0,166.25,0.1575,22.25,0.75,21.0,10.75,5.0,40.73638916015625,14.3125,9.821517944335938,10.25,3.1585845947265625,12.144851684570312,0.0,126.8125,4.390045166015625,109.8029327392578
13.0,0.334375,30.0,38.25,0.56,43.0,4.3125,26.0,35.0,0.0,11.5,3.25,0.0,6.25,2.0,3.25,0.0,15.0,7.390625,11.0
40.75,0.4075,38.0,36.4375,0.469609375,77.0625,13.8046875,25.0,100.16015625,2.0,9.25,3.75,5.375,5.8515625,6.0,5.25,0.5,24.875,8.0,150.375
27.0,0.403125,30.0,349.5,0.55,99.0,8.0,29.0,99.0,0.0,13.3125,1.65625,9.5625,19.90234375,13.375,3.4375,0.15625,49.90625,10.28125,1.25
13.8125,0.445,34.0,52.0,0.605,36.125,1.8125,32.0,34.4375,1.0,0.5,0.5,0.5,0.25,0.0,1.0,0.0,5.5,0.5,0.5
25.09375,0.44,30.0,188.96875,0.3778125,41.65625,8.625,30.0,59.3125,1.0,11.5,1.5,3.25,0.0,13.375,2.25,0.0,9.75,0.75,84.0
16.375,0.36875,34.0,265.125,0.49625,81.5,2.125,32.0,61.625,3.0,7.609375,1.359375,7.140625,17.625,4.203125,6.921875,0.015625,24.90625,5.578125,283.171875
9.25,0.32,28.0,135.5,0.345,28.0,4.0,25.0,27.0,1.0,1.75,0.0,0.0,3.25,13.375,0.5,0.0,5.5,8.75,0.0
4.0,0.4935556221008301,38.0,95.0,0.44,10.0,0.0,32.0,12.0,5.0,24.16953468322754,2.701681137084961,0.9814319610595704,2.0,1.5424251556396484,6.428653717041016,0.1409282684326172,58.89771270751953,3.621192932128906,53.78362464904785
13.0,0.469375,32.0,88.0,0.38,25.0,5.0,34.0,37.0,3.0,17.0625,11.1875,12.859375,1.0,3.828125,11.609375,0.375,65.609375,11.359375,222.671875
10.5,0.2571875,26.0,180.5,0.425,45.5,1.0,28.0,24.5,3.0,16.9375,0.4375,2.125,19.90234375,12.1875,1.9375,0.4375,60.21875,5.59375,21.625
4.0,0.34,26.0,133.75,0.52,10.25,1.75,28.0,8.75,0.0,2.0,14.3125,15.21160888671875,2.0,5.0,6.0,1.125,63.0,1.0,9.0
18.875,0.3412890625,23.0,60.0,0.31,34.0,7.25,25.0,59.0,0.0,30.43701171875,6.25,0.421875,2.5,1.2001953125,7.0,0.0,39.0,1.5,67.0
16.0,0.275,28.0,349.5,0.275,80.5,3.5,26.0,60.0,2.0,29.28125,14.3125,12.1875,19.90234375,0.03125,10.8125,0.0,126.8125,13.0625,12.03125
2.5,0.505,29.0,2.0,0.42,29.3798828125,0.46875,22.0,21.0,3.0,41.5,4.5625,15.21160888671875,6.3671875,4.75,13.3203125,0.375,88.875,11.875,290.829833984375
28.966217041015625,0.4316815185546875,34.0,207.92697143554688,0.2881280517578125,62.61334228515625,13.36334228515625,29.0,62.58200073242188,5.0,41.5,14.3125,10.30572509765625,4.703369140625,0.46630859375,7.6226806640625,0.2762451171875,126.8125,2.60107421875,128.602783203125
13.4921875,0.5406213760375976,31.0,260.5390625,0.274765625,30.3515625,3.015625,33.0,32.40625,5.0,22.95450496673584,14.3125,10.460393905639648,10.296875,1.523855209350586,11.563568115234377,0.0652360916137695,71.39541721343994,5.2888593673706055,290.829833984375
20.78125,0.518046875,35.0,43.1875,0.468125,40.15625,8.71875,30.0,50.53125,3.0,32.46875,10.515625,5.859375,2.375,13.375,12.765625,0.0234375,86.15625,12.375,236.3515625
23.0,0.355,24.0,120.5,0.5549999999999999,26.0,3.1953125,23.0,37.39111328125,1.0,7.625,0.25,1.0,0.0,0.0,1.25,1.125,3.875,0.875,65.625
28.1806640625,0.536302547454834,37.0,62.22265625,0.519052734375,48.486328125,3.9140625,35.0,59.7822265625,5.0,30.01688575744629,9.998693466186523,10.009553909301758,3.56640625,2.7020721435546875,4.144458770751953,1.125,63.26715278625488,1.5812835693359375,121.51883697509766
21.5,0.41,27.0,34.0,0.45,84.0,5.0,28.0,83.0,0.0,9.0,9.0,15.21160888671875,0.5,0.0,13.3203125,0.0,68.0,8.0,10.0
16.0,0.334375,26.0,232.56640625,0.27375,23.0,0.125,29.0,27.0,0.0,17.25,3.7509765625,13.25,5.5,3.5,10.6875,1.0,75.0791015625,5.2888593673706055,139.25
17.217363357543945,0.43162951156497,35.0,81.12278747558594,0.3666455936431885,24.78349781036377,2.310888290405273,29.0,37.012715339660645,5.0,16.53505603969097,3.2760064098984003,5.431545052677393,2.2297163009643555,4.583371972665191,6.5073196440935135,0.6112003419548273,45.22685041837394,4.362778479233384,63.55103457532823
11.46875,0.56,29.0,21.0859375,0.605,44.75,9.5,32.0,26.92281723022461,1.0,1.5,0.0,0.5,2.25,0.5,1.5,0.0,1.5,0.0,0.0
1.0,0.47,27.0,4.5,0.5349999999999999,4.0,0.0,35.0,3.5,1.0,35.0,8.0,6.0,0.0,5.0,9.0,0.0,93.0,13.96875,240.0
20.5,0.36,26.0,252.0,0.5549999999999999,34.375,1.875,33.0,38.375,1.0,9.75,4.875,7.0,9.75,4.625,3.875,0.625,30.25,4.875,80.25
10.0,0.4496875,27.0,219.75,0.4468749999999999,34.0,1.25,29.0,25.75,0.0,7.171875,4.0,2.0,7.0,4.0,1.0,0.0,16.0,2.0106201171875,0.0
7.5,0.4119482421875,36.0,85.125,0.14375,29.125,1.875,22.0,21.375,5.0,24.46502685546875,14.3125,7.378021240234375,6.125,4.00823974609375,13.3203125,0.00018310546875,106.973388671875,13.96875,4.03057861328125
31.5,0.4771502685546874,35.0,47.0,0.415,51.5,7.5,30.0,72.5,5.0,24.74322509765625,2.168212890625,0.8759765625,1.0,0.91131591796875,4.490234375,0.08148193359375,63.70025634765625,4.02667236328125,12.375244140625
7.5,0.56,28.0,59.375,0.54,24.5,1.625,28.0,14.625,2.0,9.3125,3.9375,3.9375,12.625,0.75,3.4375,0.3125,17.4375,4.9375,102.8125
14.3125,0.375,26.0,112.3125,0.4443749999999999,60.125,3.8125,23.0,36.875,0.0,0.5,2.5,5.5,8.9375,0.75,0.5,0.5,5.25,0.0,6.5
16.484375,0.56,32.0,261.146484375,0.37875,51.7421875,1.5078125,30.0,46.083984375,5.0,41.5,14.3125,7.873046875,8.73046875,1.687255859375,11.3677978515625,0.188232421875,77.7923583984375,6.7161865234375,290.829833984375
20.0,0.3396310043334961,26.0,44.1990966796875,0.27375,32.3125,0.5,23.0,50.125,0.0,30.43701171875,2.0,4.099609375,19.90234375,1.671875,2.75,0.0,77.0,5.0,30.8125
1.0,0.25,37.0,15.0,0.56,13.5,4.5,23.0,8.5,0.0,3.0,1.0,2.0,3.5,2.0,0.0,0.0,14.0,2.0,65.0
26.55859375,0.315625,30.0,111.828125,0.5284765625000001,79.70703125,6.08984375,33.0,69.53125,1.0,13.1875,14.3125,2.875,11.953125,6.125,5.375,0.0,78.875,6.5,142.1875
33.19140625,0.4584765625,38.0,309.83984375,0.34474609375,93.9150390625,13.8046875,31.0,108.6103515625,5.0,18.646484375,6.62890625,11.046875,3.4423828125,5.07421875,10.966796875,0.25,62.810546875,5.5625,14.974609375
41.578125,0.4940624999999999,30.0,42.34375,0.2990625,107.96875,12.234375,33.0,116.296875,4.0,41.5,4.7578125,4.03125,0.96875,0.4140625,13.3203125,0.75,126.8125,3.640625,289.921875
6.0,0.46,27.0,95.25,0.4775,18.5,1.75,26.0,22.0,0.0,20.5,0.0,3.5,2.5,5.0,10.125,1.0,93.0,5.2888593673706055,155.5
18.8125,0.3787344360351563,36.0,112.0,0.346875,63.03125,0.0,29.0,54.0,5.0,37.276954650878906,5.27001953125,4.871261596679688,19.90234375,12.9298095703125,7.226890563964844,0.4484100341796875,126.8125,6.004524230957031,186.52462768554688
4.4765625,0.3399999999999999,34.0,48.265625,0.286953125,12.3828125,2.203125,29.0,10.3984375,0.0,3.0,0.0,0.0,3.8125,6.5,0.0,0.0,8.0,1.0,0.0
30.4296875,0.4275,32.0,174.232421875,0.2416796875,88.162109375,13.8046875,29.0,79.4296875,1.0,9.625,1.75,1.125,10.814453125,13.375,3.0,0.25,22.625,7.75,84.875
45.625,0.3993670654296875,34.0,24.25,0.2987499999999999,107.96875,6.375,29.0,121.9296875,5.0,34.95098876953125,14.3125,15.21160888671875,0.625,2.686767578125,8.787109375,0.03131103515625,126.8125,13.96875,65.35882568359375
11.5,0.56,31.0,78.5,0.4525,62.0,8.5,31.0,55.75,2.0,36.0,3.5,1.5,8.25,0.0,12.0,0.0,35.0,6.5,215.5
36.490234375,0.30884765625,29.0,81.046875,0.25513671875,65.759765625,3.544921875,31.0,83.96484375,3.0,22.983642578125,14.3125,15.21160888671875,14.21484375,0.3984375,6.899169921875,0.015625,126.8125,13.96875,28.3544921875
10.0,0.34,31.0,76.0,0.59,26.0,0.0,27.0,24.0,0.0,7.0,2.0,1.0,0.0,2.0,7.0,0.0,35.0,1.0,72.0
20.5,0.490625,30.0,260.5390625,0.4468749999999999,37.5,3.40625,28.0,27.0,2.0,5.5,0.5,3.625,19.90234375,7.875,1.1875,1.125,12.5,1.8125,84.5625
35.322082817554474,0.44841796875,31.0,21.700621716678143,0.4565208749473095,92.80228950828314,10.139490619301796,32.0,104.27849129587412,3.0,41.5,6.7783203125,5.9130859375,6.994536310434341,0.3828125,13.3203125,0.0322265625,126.8125,11.5263671875,63.4638671875
11.75,0.56,33.0,4.5,0.3725,35.75,3.75,28.0,29.75,0.0,3.0,1.0,0.0,5.25,13.375,0.0,1.0,4.0,5.0,5.0
32.0,0.25,25.0,261.0,0.45,107.96875,13.8046875,30.0,63.0,0.0,7.0,14.3125,13.0,9.0,0.0,11.0,0.0,126.8125,13.96875,4.0
5.0,0.42625,24.0,189.0,0.605,25.5,4.5,27.0,24.5,2.0,18.75,6.875,2.0,1.0,4.375,10.125,0.0,38.5,5.5,290.829833984375
45.625,0.56,34.0,177.5,0.365,107.96875,13.8046875,27.0,121.9296875,0.0,22.0,6.0,2.0,2.25,3.0,7.0,1.0,28.0,4.0,243.0
28.0726318359375,0.28375,26.0,88.2149658203125,0.4835302734375,48.0067138671875,13.8046875,34.0,66.7310791015625,1.0,19.375,7.375,14.125,7.0528564453125,1.0,5.5,0.0,101.5,7.5,84.5
29.0,0.515,31.0,0.0,0.5,45.0,2.0,25.0,79.0,0.0,19.5,10.0,3.52099609375,0.0,2.0,6.37255859375,1.125,46.25,3.71875,72.0
35.78826904296875,0.42625,26.0,349.5,0.282928466796875,93.6022491455078,9.04145050048828,35.0,106.46492004394533,0.0,4.875,7.125,2.875,9.28631591796875,5.75,1.375,0.0,30.125,1.875,5.5
45.625,0.418223876953125,27.0,23.7872314453125,0.41785888671875,107.96875,10.4940185546875,30.0,121.9296875,3.0,15.94683837890625,1.9920654296875,4.78070068359375,0.7713623046875,9.98004150390625,3.41058349609375,0.1502685546875,44.72412109375,2.66375732421875,18.23345947265625
9.0,0.45453125,29.0,349.5,0.43,28.0,4.0,28.0,17.0,3.0,15.71875,4.40625,0.40625,11.0,1.625,3.984375,0.046875,28.5,1.03125,82.734375
11.46875,0.335,30.0,44.1990966796875,0.4578125,48.71875,2.0,29.0,35.0,1.0,0.5,6.5,15.21160888671875,10.062015533447266,2.0,13.3203125,0.5,15.5,4.5,67.0
2.5,0.32,26.0,132.5,0.5140359878540038,33.0,3.0,32.0,27.0,0.0,32.0,2.0,13.0,4.453125,13.375,7.0,0.0,117.0,13.96875,2.0
33.5,0.515,25.0,195.5,0.3425,76.75,3.9140625,27.0,91.5,2.0,21.75,14.25,11.0,5.5625,0.25,3.0,0.25,56.25,5.0,164.75
18.875,0.235,29.0,137.0,0.418046875,63.03125,2.5,26.0,67.875,1.0,7.75,4.25,5.25,1.75,6.25,2.5,1.125,42.25,11.125,247.125
45.625,0.4369094848632813,38.0,26.09765625,0.35125,67.75,3.0,31.0,117.5,5.0,21.04266357421875,1.67822265625,13.017364501953123,1.25,4.628326416015625,10.120330810546877,0.267364501953125,67.62411499023438,8.520294189453125,109.9786376953125
25.0,0.29,24.0,137.0,0.4,43.0,9.0,22.0,61.0,1.0,19.0,14.3125,3.0,6.0,9.0,3.0,1.125,126.0,9.0,26.0
45.625,0.3810107421875,36.0,48.385498046875,0.37672119140625,105.674560546875,12.506591796875,35.0,118.052001953125,5.0,10.04541015625,12.41552734375,8.7236328125,3.381103515625,2.99658203125,6.4677734375,0.1416015625,48.42236328125,6.763671875,125.97802734375
8.0,0.3225,31.0,349.5,0.36,33.0,2.0,24.0,27.0,1.0,10.0,2.5,6.75,10.0,10.0,3.25,1.0,37.75,5.5,229.75
1.5,0.36125,30.0,349.5,0.605,24.0,5.0,30.0,4.0,1.0,3.75,1.75,0.5,19.90234375,1.0,0.875,1.125,13.125,0.125,32.875
6.0,0.4,28.0,209.0,0.32,23.0,1.0,28.0,15.0,1.0,4.0,7.0,15.21160888671875,14.0,10.0,0.0,0.0,22.0,3.0,209.0
5.5,0.4053125,29.0,31.625,0.195,30.0,0.125,26.0,17.375,3.0,11.578125,1.15625,3.84375,14.25,3.34375,4.34375,1.015625,27.53125,6.78125,241.8125
9.0,0.18,33.0,349.5,0.25,37.6875,8.0,27.0,34.08984375,0.0,2.0,0.0,0.0,11.9453125,2.0,0.0,0.0,11.0,0.0,0.0
7.59375,0.425,29.0,0.0,0.429453125,50.0,5.3125,28.0,32.40625,2.0,20.0,8.5625,9.65625,0.0,4.8125,2.53125,0.0,61.21875,2.53125,174.59375
17.0,0.425,29.0,349.5,0.31,31.0,1.0,24.0,42.0,1.0,5.0,1.5,1.0,1.0,3.0,4.0,1.0,5.5,3.5,290.829833984375
18.0,0.37875,30.0,159.0,0.42,37.5,3.0,35.0,38.5,2.0,15.625,1.25,5.25,6.0,13.375,2.125,1.125,31.0,2.5,255.875
31.0,0.4725,32.0,32.5,0.43,66.0,13.8046875,31.0,78.0,2.0,31.9375,14.3125,3.0625,1.5,0.0625,13.3203125,0.0,119.25,13.96875,142.5625
10.8671875,0.44427734375,34.0,262.8203125,0.4681640625,48.39453125,9.375,34.0,30.76953125,5.0,14.25238037109375,7.86322021484375,2.33154296875,18.59375,1.2789306640625,5.36810302734375,0.3753662109375,31.65997314453125,3.35858154296875,226.335205078125
45.625,0.5282610750198364,35.0,0.0,0.4,107.96875,13.8046875,26.0,121.9296875,5.0,41.5,5.855043470859528,15.21160888671875,0.0,1.1559062600135803,13.3203125,0.0166032314300537,116.02621346712112,12.187887609004974,128.19629031419754
32.59291458129883,0.51,26.0,54.55792999267578,0.4338082504272461,68.55173110961914,5.660041809082031,34.0,75.67095565795898,0.0,41.5,3.0,0.0,1.0614776611328125,2.0,3.0,0.5,72.5,6.0,95.0
45.625,0.40625,26.0,77.0,0.325,86.75,13.8046875,28.0,113.0,1.0,35.125,6.625,0.625,2.5,2.25,9.5,0.875,126.8125,7.625,84.125
6.0,0.365,27.0,44.1990966796875,0.5,34.0,1.0,28.0,18.0,0.0,41.5,0.0,1.0,11.0,1.9375,1.5,0.0,122.65234375,2.20703125,86.0625
33.19140625,0.42,28.0,181.875,0.425,93.6022491455078,6.0,25.0,99.0,0.0,1.0,5.0,0.0,7.625,13.375,4.0,0.0,13.0,4.0,29.0
9.0,0.5137499999999999,27.0,251.0,0.605,35.0,8.5,30.0,18.0,2.0,9.0,5.75,3.5,19.90234375,4.75,6.0,1.125,17.5,1.875,290.829833984375
45.625,0.3199999999999999,29.0,328.125,0.3780859375,107.96875,2.69921875,30.0,121.9296875,0.0,29.5,14.3125,13.0,19.90234375,2.5,13.3203125,0.5,126.8125,13.96875,111.0
19.234375,0.4981249999999999,24.0,254.80078125,0.27375,52.5,0.5,26.0,52.8125,0.0,30.01688575744629,1.75,2.19140625,9.75,2.1503220796585083,8.0,1.0,56.375,2.8125,290.829833984375
10.9013671875,0.380703125,30.0,63.580078125,0.23076171875,35.994140625,5.765625,33.0,34.08984375,2.0,11.58984375,8.263671875,3.36328125,3.54296875,3.484375,3.359375,0.119140625,55.23828125,3.1875,140.84375
17.0,0.5425,25.0,0.0,0.31,67.0,0.0,23.0,71.0,2.0,19.125,6.25,13.875,0.0,0.0,11.375,0.5,37.25,8.25,175.75
4.0,0.56,28.0,349.5,0.605,23.0,8.0,29.0,10.0,0.0,10.0,2.0,3.0,4.0,1.0,0.0,1.125,7.0,1.0,99.0
45.625,0.495867919921875,36.0,11.0,0.56,107.96875,13.8046875,29.0,121.9296875,5.0,16.10595703125,7.0753173828125,1.43212890625,0.0,1.1629638671875,9.420166015625,0.0,84.2261962890625,9.4296875,2.2786865234375
19.0,0.4,32.0,26.09765625,0.3425,58.640625,2.0,32.0,82.125,2.0,41.5,1.5,13.0,2.375,6.75,5.25,0.75,91.5,6.25,117.5
18.0,0.375,21.0,265.125,0.42,32.3125,13.8046875,23.0,35.0,0.0,30.43701171875,10.25,4.099609375,11.0,0.5,2.8125,0.0,83.94677734375,6.5,241.8125
45.625,0.3978125,32.0,85.453125,0.3808984375,107.96875,8.884765625,33.0,121.9296875,3.0,27.3046875,9.515625,7.2890625,5.294921875,0.5,10.2890625,0.0703125,96.0390625,3.3671875,22.2109375
12.0,0.4694531249999999,28.0,109.0,0.2,23.0,4.0,29.0,23.0,0.0,23.75,7.0,2.19140625,5.0,2.0,7.0,0.0,58.89771270751953,6.609375,115.75
16.0,0.5225,34.0,285.0,0.43,64.75,2.25,28.0,79.4296875,3.0,30.875,6.9375,2.9375,5.5625,0.0,7.1875,0.0,75.1875,3.9375,98.9375
14.0,0.33,25.0,349.5,0.32,79.59375,3.8125,25.0,42.4140625,0.0,18.0,11.0,2.0,15.78125,13.375,10.0,0.0,109.0,11.0,99.0
19.515625,0.3607954406738281,36.0,79.3203125,0.44927734375,68.685546875,4.013671875,35.0,65.3125,5.0,9.158905029296877,7.12799072265625,1.272216796875,5.048828125,4.826164245605469,0.7181472778320312,0.19549560546875,31.5256576538086,1.886749267578125,82.85693359375
12.25,0.37306884765625,26.0,19.0,0.215,63.0,2.0,33.0,72.0,5.0,18.95654296875,12.72216796875,12.408203125,0.5,1.66796875,4.413818359375,0.4404296875,66.44384765625,7.1484375,290.829833984375
2.1875,0.50625,27.0,324.25,0.603125,15.125,5.875,34.0,13.0,2.0,22.65625,8.09375,4.6875,4.6875,0.71875,9.3125,0.1875,17.84375,8.46875,290.829833984375
11.46875,0.39,28.0,100.1630859375,0.515,26.0,4.171875,25.0,27.0,0.0,19.5,0.0,4.0,5.96875,0.0,10.0,0.0,86.41446161270142,2.3283767700195312,34.0
18.0,0.12203125,30.0,6.0,0.47,34.0,0.0,26.0,45.0,4.0,1.765625,0.09375,0.609375,2.0,1.1875,0.21875,0.25,2.40625,0.546875,55.515625
41.5234375,0.3799365234375,32.0,105.33203125,0.3152734375,60.21484375,3.51171875,35.0,68.796875,1.0,22.609375,0.0693359375,13.50390625,8.71875,13.375,8.234375,0.50390625,58.22119140625,6.9404296875,10.431640625
40.25,0.52,26.0,116.5,0.5225,69.75,7.25,31.0,91.5,0.0,41.5,1.0,0.0,6.0,0.0,4.0,1.0,126.8125,12.0,190.0
21.5,0.43671875,31.0,120.5,0.495,46.0,3.0,27.0,48.0,3.0,10.4921875,3.5078125,4.734375,4.5,9.21875,2.453125,0.0078125,27.5,2.34375,32.078125
21.125,0.3396310043334961,32.0,19.40625,0.4521874999999999,39.375,4.0,30.0,48.65625,2.0,13.624069213867188,14.3125,15.21160888671875,3.40625,10.60671329498291,7.846463203430176,0.0171833038330078,120.5771598815918,13.96875,1.5557136535644531
9.0,0.3817875671386719,37.0,349.5,0.18,25.0,1.0,31.0,24.0,5.0,24.435806274414062,1.04205322265625,2.718994140625,17.0,4.227828979492188,6.37255859375,0.5203704833984375,69.67506408691406,5.7566680908203125,120.34381103515624
24.75,0.425,30.0,155.0,0.3975,48.75,9.5,33.0,57.25,0.0,17.5,14.3125,1.0,1.25,0.5,9.0,0.0,91.0,13.96875,208.5
27.25,0.375,28.0,118.0,0.4325,101.375,1.5,28.0,88.75,1.0,9.375,4.15625,0.0,19.75,3.75,5.40625,0.0,34.15625,5.125,196.6875
2.0,0.56,27.0,0.0,0.0,2.0,0.0,24.0,4.0,0.0,36.0,0.0,15.21160888671875,1.0,2.0,10.125,1.0,53.5,4.390045166015625,290.829833984375
3.4521026611328125,0.5449999999999999,26.0,53.8671875,0.605,10.375,0.5,23.0,8.75,0.0,26.0,6.09375,15.21160888671875,8.5047607421875,1.203125,2.0,1.0,34.0,3.0,72.0
27.640625,0.56,37.0,82.828125,0.40234375,70.84375,4.171875,35.0,77.328125,3.0,23.75,4.125,2.125,2.78125,1.0,4.375,0.125,63.75,10.5,68.75
6.359375,0.3325,26.0,53.8671875,0.34125,26.2421875,0.421875,35.0,9.84375,0.0,17.25,1.0,3.25,15.4453125,6.25,1.75,0.75,52.5,6.5,43.25
2.0,0.22375,26.0,0.0,0.4,3.0,0.0,30.0,5.0,2.0,1.734375,2.03125,0.5625,0.0,9.53125,0.75,0.5,7.1953125,1.4765625,2.4375
32.734375,0.401181640625,35.0,91.359375,0.42078125,65.9375,12.4375,32.0,73.53125,5.0,39.1767578125,7.05615234375,7.66748046875,19.90234375,5.5029296875,10.02197265625,0.0078125,126.8125,10.1669921875,16.85302734375
5.0,0.449794921875,33.0,74.0,0.3,17.0,8.0,27.0,9.0,4.0,17.90576171875,11.40673828125,12.2958984375,5.0,6.451171875,6.9033203125,0.62548828125,62.59375,9.396484375,63.4423828125
4.25,0.28,25.0,37.0,0.4271875,12.65625,0.625,33.0,8.65625,0.0,11.0,2.0,2.0,4.71875,7.0,7.0,1.0,50.0,4.0,0.0
10.0,0.56,23.0,0.0,0.49,31.0,4.0,26.0,36.0,0.0,5.0,1.0,5.0,0.0,13.375,3.0,0.0,7.0,1.0,209.0
31.020263671875,0.56,38.0,290.537841796875,0.31755615234375,67.48681640625,7.54052734375,26.0,76.282470703125,5.0,25.90797018259764,3.5233625853434205,8.882868766784668,4.5654296875,9.20765683427453,13.3203125,0.0007973415777087,47.93009267281741,7.614044276066124,205.3203643290326
33.5,0.445,31.0,26.1953125,0.442265625,77.328125,13.8046875,30.0,87.421875,1.0,36.75,9.75,13.25,1.140625,1.5,10.5,0.0,100.75,9.5,148.25
15.5,0.4712499999999999,34.0,105.5703125,0.44,47.5,1.875,30.0,50.53125,3.0,41.5,13.46875,13.46875,11.0,3.0,8.09375,0.0,126.8125,13.96875,52.46875
44.203125,0.41681396484375,37.0,240.73046875,0.41748046875,89.734375,5.6796875,33.0,88.408203125,5.0,31.925537109375,14.3125,0.98193359375,5.533203125,0.327880859375,7.857666015625,0.254638671875,126.8125,6.041259765625,39.316650390625
40.0,0.56,34.0,118.0,0.25,107.96875,2.0,27.0,105.0,0.0,8.5,1.5,3.0,18.0,8.0,3.5,0.0,20.0,2.0,239.5
45.625,0.56,30.0,45.55140686035156,0.4279747009277344,107.96875,9.6231689453125,35.0,121.9296875,0.0,9.0,8.0,4.5,0.074554443359375,13.375,8.0,1.0,27.46875,7.0,121.51883697509766
21.625,0.56,31.0,79.75,0.27375,59.75,2.125,34.0,66.75,1.0,41.5,14.0,6.0,3.875,0.0,13.0,0.0,54.0,5.0,290.829833984375
45.625,0.275,25.0,55.710731506347656,0.3174176025390625,107.96875,10.445564270019531,31.0,121.9296875,1.0,6.375,3.5,3.375,3.3182296752929688,5.25,3.625,0.0,38.125,3.625,21.5
19.0,0.44,31.0,34.0,0.5,62.0,0.0,26.0,70.0,2.0,41.5,6.0,15.21160888671875,0.0,3.5,13.3203125,0.0,126.8125,6.0,216.5
25.0,0.4175,26.0,195.5,0.4375,57.0,5.0,30.0,72.5,2.0,35.25,6.75,7.5,6.25,3.5,10.125,0.0,88.75,5.25,67.0
45.625,0.3406982421875,28.0,158.0,0.52,107.96875,7.0,24.0,121.9296875,5.0,41.5,14.3125,11.23052978515625,7.75,3.33843994140625,11.06072998046875,0.0111083984375,126.8125,12.9349365234375,76.28778076171875
25.0,0.3238952484726906,41.0,18.25,0.4025,66.5,5.5,33.0,61.75,5.0,41.5,14.3125,0.6951867789030075,5.0,2.1503220796585083,4.330299697816372,0.0785629004240036,126.8125,0.779301293194294,161.99465295672417
24.5,0.4254687499999999,35.0,216.5,0.475,62.75,12.75,25.0,63.0,4.0,9.875,4.484375,3.453125,6.25,4.015625,4.171875,0.5,31.953125,4.53125,275.546875
45.625,0.3590625,36.0,78.0,0.31,46.0,2.0,28.0,86.0,3.0,16.796875,5.328125,6.5625,0.0,2.8125,7.484375,0.625,62.53125,7.4375,290.829833984375
28.797939777374268,0.42,24.0,28.40359926223755,0.5788558912277222,75.01656913757324,4.030196189880371,35.0,76.89976739883423,1.0,41.5,0.0,1.0,4.044423580169678,0.0,12.0,0.0,126.8125,4.0,5.0
19.234375,0.4063907623291015,38.0,38.171875,0.60046875,54.71875,13.34375,29.0,54.125,5.0,32.41513633728027,1.9269890785217283,2.273223876953125,2.890625,0.5927085876464844,9.929235935211182,0.0,86.41446161270142,5.582094192504883,11.192423820495604
12.408447265625,0.4812499999999999,27.0,44.1990966796875,0.531920166015625,39.1021728515625,2.32666015625,31.0,35.3731689453125,1.0,22.25,2.0,3.75,8.5047607421875,1.75,11.25,0.0,60.5,13.96875,36.625
33.5,0.5349999999999999,37.0,78.5,0.32,100.0,1.703125,23.0,104.5,1.0,13.0,11.0,1.25,3.56640625,9.0,4.5,0.5,40.5,3.0,136.25
7.5,0.211875,25.0,44.0,0.415,37.75,1.25,33.0,33.25,2.0,2.0625,1.0625,2.6875,1.25,6.625,0.9375,0.875,9.25,1.5,39.5
0.25,0.385,23.0,188.375,0.51375,9.5,1.5,32.0,1.875,2.0,18.625,2.0625,15.21160888671875,7.375,4.5625,2.1875,0.75,41.8125,6.4375,269.3125
31.947529077529907,0.5179909515380859,35.0,175.515127658844,0.3311909127235413,65.93176603317261,9.708465337753296,33.0,71.77913284301758,5.0,41.5,11.107406616210938,2.071479797363281,11.00376796722412,1.3825302124023438,13.3203125,0.0,126.8125,13.96875,75.38925170898438
7.75,0.1923437499999999,28.0,66.0,0.495,38.0,5.25,28.0,37.75,2.0,8.046875,0.3828125,5.234375,6.5,13.1875,1.6875,1.078125,27.7421875,9.8359375,53.6640625
9.5625,0.56,34.0,349.5,0.32,68.5,9.4736328125,30.0,27.0,5.0,15.75,6.09375,15.21160888671875,10.0,12.21875,13.3203125,0.15625,19.546875,4.71875,189.8125
36.328125,0.21,25.0,349.5,0.605,88.162109375,13.8046875,23.0,86.0,0.0,13.0,4.0,4.0,17.9375,13.375,1.0,0.0,72.0,9.0,28.0
14.25,0.3712890625,30.0,112.25,0.255,50.75,7.25,27.0,51.25,1.0,7.265625,7.8984375,15.21160888671875,4.25,5.60546875,9.125,0.5859375,58.68359375,13.96875,255.125
4.0,0.3575,27.0,349.5,0.525,49.0,0.5,27.0,8.5,0.0,8.78125,12.75390625,5.953125,19.90234375,13.375,3.5,0.0,20.154296875,9.396484375,91.25
9.5625,0.4945013427734375,36.0,44.1990966796875,0.3,48.0,3.40625,29.0,35.0,5.0,23.90435791015625,9.79266357421875,15.21160888671875,9.0,1.04437255859375,9.7684326171875,0.00408935546875,71.42626953125,7.988037109375,91.47991943359376
18.125,0.085,25.0,181.875,0.3625,50.125,6.75,23.0,40.875,0.0,5.0,4.5,4.0,6.75,6.5,1.0,0.5,42.0,1.0,0.0
13.5,0.38,30.0,92.3125,0.605,34.140625,6.25,26.0,27.0,0.0,7.0,3.0,2.0,4.0,2.0,5.0,1.0,2.0,11.0,0.0
45.625,0.41,28.0,2.0,0.4,107.96875,13.8046875,20.0,121.9296875,0.0,15.75,7.0,1.0,2.0,0.0,5.25,0.0,48.0,2.765625,283.5
32.06034278869629,0.3621772003173828,33.0,78.45523643493652,0.5360130882263183,51.85980415344238,11.38465690612793,35.0,66.7377872467041,5.0,30.76252174377441,8.680695533752441,14.464098930358888,10.062015533447266,2.494500160217285,8.436297416687012,0.2656517028808594,107.419415473938,9.00620174407959,244.14064502716064
32.0,0.56,27.0,88.0,0.44,64.0,3.0,35.0,65.0,4.0,41.5,2.453125,3.52734375,0.0,1.328125,6.8046875,1.125,48.9296875,5.9296875,290.829833984375
13.65625,0.29765625,30.0,107.8828125,0.553359375,34.140625,4.90625,27.0,36.1484375,2.0,18.828125,13.171875,1.890625,3.71875,0.546875,3.53125,1.125,126.8125,3.8125,79.453125
36.490234375,0.3874999999999999,25.0,60.0,0.56875,76.75,5.25,29.0,103.0,1.0,19.25,3.75,3.25,2.5,13.0,4.5,1.125,48.25,3.0,53.0
26.5,0.45705078125,29.0,184.90625,0.4028125,68.15625,8.78125,29.0,104.3125,4.0,11.7822265625,7.82470703125,13.144287109375,7.625,0.537353515625,6.317626953125,0.0,50.536376953125,6.24072265625,113.846923828125
32.59291458129883,0.4846875,33.0,28.40359926223755,0.365,51.85980415344238,6.0,27.0,79.640625,2.0,17.84375,1.59375,3.59375,1.75,9.59375,2.625,0.09375,38.59375,5.90625,53.03125
14.0,0.56,27.0,187.5,0.415,40.25,4.5,26.0,32.0,1.0,9.5,5.0,8.5,2.5,1.5,2.5,0.0,15.0,7.0,290.829833984375
42.3203125,0.456875,39.0,75.0703125,0.46037109375,91.10546875,7.54296875,34.0,112.32421875,4.0,41.5,14.3125,3.5,3.6640625,0.6875,13.3203125,0.0625,126.8125,2.0625,118.1875
7.25,0.25,30.0,78.125,0.2249999999999999,24.125,4.375,30.0,25.375,1.0,6.875,13.25,15.21160888671875,1.75,3.125,2.5,0.0,92.375,7.0,1.25
5.0,0.525,27.0,246.0,0.28,31.0,1.0,21.0,9.0,3.0,40.5,11.25,2.25,19.90234375,3.5,10.75,0.0,110.25,13.96875,191.0
5.61328125,0.300234375,26.0,86.3515625,0.523359375,17.83984375,1.703125,28.0,15.63671875,2.0,25.015625,6.1796875,7.4453125,6.12890625,10.8203125,5.8359375,0.0078125,106.1640625,13.96875,133.671875
25.426437377929688,0.468125,34.0,149.8937225341797,0.4713714599609375,107.96875,5.7725982666015625,31.0,110.08023071289062,3.0,37.9375,5.0,7.375,10.137283325195312,2.4375,5.0625,0.0,85.625,9.15625,81.40625
1.0,0.365,28.0,55.0,0.605,2.0,1.0,35.0,1.0,1.0,37.5,14.0,11.5,2.0,3.0,4.5,1.0,104.5,6.5,70.0
16.0,0.3325,21.0,141.0,0.43,54.0,3.0,25.0,59.0,1.0,24.5,7.5,8.75,4.0,6.75,10.875,1.125,109.375,8.125,203.375
5.509944915771484,0.4053124999999999,28.0,182.21040725708008,0.5902757263183593,22.256393432617188,2.9316482543945312,33.0,16.400150299072266,0.0,10.9296875,3.9453125,1.6875,2.772430419921875,7.671875,0.265625,0.0,42.140625,8.6953125,25.671875
24.5,0.4548919105529785,41.0,94.48046875,0.43,50.75,0.67578125,32.0,54.0,5.0,17.918322563171387,14.3125,4.399326324462891,15.5,0.4150886535644531,13.3203125,0.2891006469726562,109.58218574523926,12.48873519897461,65.08849906921387
20.34375,0.32,29.0,349.5,0.605,37.875,2.375,28.0,37.15625,0.0,22.0,7.0,3.0,19.90234375,0.0,2.0,1.125,61.0,4.0,290.829833984375
34.484375,0.56,31.0,47.28125,0.3815625,107.96875,13.4375,31.0,121.9296875,1.0,2.0,1.0,1.0,0.75,0.0,0.0,0.0,3.0,0.0,162.0
12.875,0.28515625,29.0,58.0,0.24625,24.875,3.5,26.0,27.875,0.0,16.0625,14.3125,15.21160888671875,2.375,13.375,13.3203125,0.34375,126.8125,13.96875,76.5
34.0,0.4175,34.0,42.75,0.3875,107.96875,13.8046875,28.0,121.9296875,1.0,19.25,4.0,2.25,2.25,7.0,5.25,0.25,60.25,2.0,27.25
18.5625,0.3894921875,32.0,293.5625,0.47,34.1875,10.5,31.0,40.6875,3.0,41.5,9.94921875,15.21160888671875,3.8125,1.953125,13.3203125,0.00390625,126.8125,7.68359375,290.829833984375
1.0,0.4624999999999999,37.0,14.0,0.5,4.0,0.0,24.0,3.0,0.0,22.5,1.0,1.875,1.0,2.625,0.0,0.0,58.89771270751953,2.53125,136.5
7.0,0.4,28.0,36.5,0.18,24.0,1.5,24.0,18.25,0.0,10.0,1.0,1.0,4.75,3.0,1.0,1.0,7.0,0.0,290.829833984375
34.0,0.325,27.0,7.0,0.38,99.0,2.0,23.0,86.0,1.0,20.5,6.5,4.5,1.0,3.5,5.5,0.5,34.0,2.5,212.5
31.0859375,0.3953129577636719,46.0,116.98046875,0.3125,62.14453125,13.8046875,32.0,78.623046875,5.0,18.668365478515625,2.1887969970703125,4.423873901367188,2.451171875,7.821077346801758,4.208747863769531,0.0473918914794921,59.92436599731445,1.588422775268555,214.71690368652344
23.2109375,0.336982421875,31.0,314.1796875,0.268046875,65.6171875,5.2265625,31.0,66.0,2.0,7.2990570068359375,6.42742919921875,10.700439453125,15.78125,13.375,4.8270263671875,1.125,63.58268737792969,13.96875,102.24484252929688
42.5,0.56,25.0,349.5,0.235,64.0,8.5,29.0,85.421875,1.0,27.0,7.0,1.0,1.0,5.0,7.0,1.125,54.5,3.5,156.0
21.75,0.56,27.0,140.0,0.435,51.0,13.8046875,30.0,43.0,2.0,23.5,7.0,0.0,18.5,3.0,7.0,1.125,23.0,3.0,290.829833984375
2.5,0.5125,24.0,45.0,0.605,13.0,1.0,29.0,10.0,1.0,11.75,2.25,6.75,1.5,7.25,3.25,1.0,24.0,5.25,134.25
2.0,0.17,29.0,313.5,0.0,27.5,0.0,23.0,5.0,0.0,0.5,1.5,2.5,19.90234375,12.0,1.0,0.0,10.0,0.5,1.0
25.0,0.3875,23.0,140.0,0.4349999999999999,97.0,13.8046875,28.0,86.0,1.0,14.75,4.125,3.6875,14.5,5.6875,2.875,0.0,46.6875,11.3125,22.375
45.0,0.56,30.0,127.0,0.56,82.0,13.8046875,26.0,92.0,3.0,17.875,4.5,1.0625,2.0,4.625,13.3203125,0.75,22.25,6.3125,261.625
19.90625,0.4110546874999999,29.0,112.0,0.37875,60.125,8.78125,24.0,64.875,4.0,28.92919921875,3.7509765625,6.767578125,10.75,5.5166015625,3.8359375,0.140625,39.974853515625,4.327392578125,290.829833984375
18.625,0.265,26.0,114.5625,0.424375,41.84375,7.1875,27.0,46.5625,0.0,8.5,11.5,11.5,5.96875,7.0,1.5,0.0,66.5,2.5,0.0
36.5101318359375,0.4,28.0,291.2689208984375,0.308778076171875,106.243408203125,9.770263671875,26.0,86.6412353515625,0.0,24.75,14.25,15.21160888671875,19.90234375,6.5,6.5,1.125,109.75,3.25,25.5
19.0,0.5449999999999999,24.0,42.0,0.18,87.0,11.0,35.0,93.0,1.0,15.0,14.3125,0.5,0.0,2.5,4.5,0.0,47.0,1.0,283.5
18.875,0.4321093749999999,28.0,81.796875,0.3759375,55.390625,4.203125,35.0,54.609375,3.0,6.27734375,0.6953125,6.4140625,5.09375,12.6484375,1.1796875,0.0,13.07421875,1.9609375,3.34765625
13.0,0.56,27.0,133.75,0.485,39.8125,3.25,24.0,37.39111328125,0.0,31.25526428222656,3.0,2.25,1.0,3.0,7.0,0.0,78.70046997070312,6.0,22.5
0.0,0.5449999999999999,27.0,60.0,0.2,8.0,0.0,25.0,4.0,0.0,17.25,4.25,2.25,4.0,2.0,12.0146484375,0.0,39.974853515625,4.3037109375,40.0
33.8203125,0.5198046875,26.0,166.4140625,0.4111718749999999,75.921875,6.5859375,35.0,80.6640625,4.0,19.580078125,10.40234375,10.302734375,9.890625,3.953125,11.447265625,1.0859375,63.392578125,10.71484375,149.970703125
1.0,0.23,25.0,139.5,0.25,8.5,0.5,27.0,2.5,1.0,5.0,0.5,0.5,7.0,1.0,1.0,1.125,2.0,0.5,73.0
45.625,0.56,33.0,40.875,0.41,82.5,9.75,29.0,121.625,5.0,36.27436065673828,4.5023956298828125,9.84231185913086,1.125,4.2161407470703125,3.761528015136719,1.0324211120605469,53.71379852294922,7.538993835449219,227.002197265625
5.5,0.51,23.0,33.5,0.46,10.0,8.0,25.0,12.0,0.0,10.0,14.3125,10.0,0.0,6.0,13.0,1.0,60.0,13.96875,225.0
21.5,0.0,19.0,286.5,0.605,50.125,3.0,32.0,40.6875,0.0,0.0,0.0,0.0,7.25,7.0,0.0,0.0,2.0,0.0,0.0
22.375,0.56,29.0,14.125,0.3025,89.125,12.75,30.0,98.625,3.0,15.0625,4.9375,1.375,0.125,0.78125,3.59375,0.0,45.5625,2.625,6.21875
25.0,0.37,23.0,349.5,0.4596484375,84.96875,0.5,26.0,99.0,0.0,20.5,3.9375,10.25,15.5,7.0,3.15625,0.5,92.375,7.988037109375,16.5
13.0625,0.4675,24.0,45.0,0.24,62.0,0.46875,25.0,24.5,2.0,41.5,1.75,14.5,5.0,0.25,8.0,0.25,108.0,13.96875,148.5
2.75,0.4122412109375,30.0,4.0,0.36,7.75,1.0,27.0,3.5,4.0,19.924560546875,4.18896484375,4.099609375,4.5,5.696044921875,3.7939453125,0.0,55.801025390625,8.818603515625,37.0888671875
13.4375,0.504283447265625,33.0,173.78125,0.2971875,47.46875,5.5625,29.0,42.84375,5.0,8.722900390625,4.379150390625,1.2406005859375,6.34375,3.5072021484375,2.332763671875,0.0166015625,21.95654296875,4.609619140625,180.3775634765625
5.0,0.33,22.0,195.0,0.18,34.0,2.0,22.0,15.0,1.0,0.0,0.0,0.0,19.90234375,0.0,1.0,0.0,1.0,0.0,70.0
45.625,0.3269487857818604,36.0,75.1046142578125,0.378734130859375,107.11083984375,12.1234130859375,34.0,121.9296875,5.0,22.08827257156372,2.493708848953247,5.47550368309021,6.3555908203125,13.375,2.9752116203308105,0.2667350769042969,70.66964483261108,8.512143850326538,5.845846891403198
10.0,0.4287567138671875,29.0,107.8828125,0.59,55.0,8.0,33.0,21.25,5.0,20.70611572265625,5.6329345703125,2.21551513671875,4.0,2.69384765625,9.28216552734375,1.125,57.88714599609375,2.0106201171875,203.8970947265625
27.0,0.56,23.0,44.0,0.48,70.0,2.0,27.0,51.0,3.0,9.65234375,12.75390625,8.7734375,19.90234375,1.7109375,3.375,1.125,31.62890625,6.16796875,75.171875
22.375,0.45,26.0,26.09765625,0.24875,79.46875,2.0,27.0,69.53125,0.0,41.5,2.25,4.453125,4.5,0.0,7.87109375,0.0,83.0,6.0,222.671875
13.4921875,0.56,29.0,226.75,0.5,24.78349781036377,3.5,25.0,26.5,0.0,22.546875,4.125,2.0,13.0,2.0,4.28125,0.0,60.59375,4.859375,53.78362464904785
16.9970703125,0.511240234375,32.0,94.48046875,0.4100097656249999,55.36328125,7.6650390625,31.0,36.703125,2.0,35.08984375,6.15625,7.390625,19.90234375,6.818359375,7.021484375,0.0810546875,44.8193359375,8.0576171875,140.6904296875
1.0,0.22,27.0,89.0,0.605,16.0,5.0,27.0,6.0,1.0,8.0,0.0,0.0,15.0,0.0,0.0,0.0,31.0,0.0,82.0
15.0,0.486875,21.0,0.0,0.55,55.0,12.0,32.0,76.0,2.0,10.1875,2.25,2.4375,0.0,6.125,0.625,0.3125,15.625,3.5625,251.4375
13.4921875,0.43,27.0,159.0,0.605,37.125,2.0,25.0,34.5,0.0,41.5,3.75,2.185546875,5.939453125,1.5,12.04296875,1.0,83.3125,5.2888593673706055,72.0
12.5,0.56,31.0,36.25,0.605,44.75,12.75,31.0,51.0,4.0,12.34375,0.59375,1.9765625,1.75,1.2421875,2.13671875,0.90234375,6.15625,0.92578125,120.16015625
45.625,0.4295769119262695,31.0,75.5546875,0.45009765625,107.96875,7.90234375,32.0,121.9296875,5.0,6.598800659179688,9.329254150390623,3.891201019287109,7.826171875,9.820892333984377,3.9772262573242174,0.15673828125,35.764305114746094,6.210193634033203,139.24680709838867
16.0,0.355,27.0,232.0,0.43,49.0,0.0,29.0,54.0,1.0,7.0,7.0,0.5,1.0,0.5,1.5,0.0,19.5,1.5,166.0
16.25,0.4694531249999999,32.0,78.5,0.1575,51.3486328125,1.0,29.0,38.0,0.0,11.84375,7.0,2.185546875,5.96875,4.0,0.640625,0.015625,60.0,1.0,11.0
7.0,0.3712890625,23.0,84.0,0.345,30.5,0.5,26.0,22.5,0.0,17.25,1.5,4.0,4.0,0.9163665771484376,0.0,0.0,52.0,1.5625,1.25
4.75,0.326484375,30.0,176.8125,0.4728124999999999,37.6875,7.4375,35.0,25.53125,2.0,23.10546875,12.62890625,14.453125,9.53125,1.80078125,6.83984375,0.0,126.8125,6.3203125,10.5
27.84375,0.369921875,31.0,31.09375,0.360625,81.34375,13.8046875,29.0,75.34375,3.0,26.0078125,13.71875,3.484375,2.0,0.0546875,13.3203125,0.6328125,126.8125,5.4453125,89.671875
14.5,0.4694531249999999,24.0,0.0,0.305,57.25,1.0,27.0,45.0,0.0,30.43701171875,2.0,1.0,14.25,2.0,3.15625,0.0,59.4375,3.640625,166.0
20.0625,0.51640625,30.0,200.4375,0.4359375,57.640625,8.515625,28.0,47.765625,3.0,33.2109375,7.84375,3.828125,5.078125,5.78125,6.59375,0.9296875,82.21875,5.140625,64.9765625
39.375,0.305,32.0,265.125,0.4075341546535491,107.96875,9.04145050048828,25.0,121.9296875,0.0,17.5,8.0,14.0,15.4453125,10.0,11.5,0.0,105.5,7.0,14.0
19.234375,0.465,25.0,291.2689208984375,0.4111718749999999,43.0,8.5,33.0,64.0,0.0,10.4296875,1.0,0.0,9.0,1.25,4.0,0.0,16.0,4.4375,0.0
17.62890625,0.37,34.0,323.0,0.4375,80.125,0.0,32.0,38.0,1.0,17.0,14.0,1.0,17.625,0.0,12.0,0.0,82.0,3.0,226.0
31.10144114494324,0.5370374643802642,41.0,75.79300880432129,0.4242423152923583,37.552642822265625,5.49993634223938,35.0,62.14779496192932,5.0,25.048116445541385,12.399437427520752,0.5099391937255859,5.950597286224365,0.8892669081687927,8.568110525608063,0.0015273094177246,69.60566920042038,4.780365228652954,67.47544479370117
43.875,0.45,35.0,20.0,0.4,84.125,7.875,29.0,104.5,1.0,27.5,1.0,2.0,2.375,1.5,6.0,0.0,83.5,1.0,53.5
45.625,0.386875,35.0,36.875,0.4075,107.96875,10.375,29.0,121.9296875,3.0,41.5,3.21875,8.03125,0.125,11.578125,5.140625,0.75,126.8125,13.96875,122.875
32.7421875,0.4675,33.0,41.375,0.34359375,84.96875,7.75,29.0,79.0625,4.0,40.640625,12.3125,6.3125,14.9296875,2.6875,12.4375,1.125,114.546875,13.96875,142.78125
27.123046875,0.397509765625,27.0,108.50390625,0.4594921875,66.556640625,9.9609375,27.0,62.240234375,2.0,41.5,2.8095703125,8.1513671875,10.232421875,6.6064453125,5.5126953125,0.53515625,101.61328125,5.3017578125,64.3994140625
23.0,0.41,23.0,14.0,0.43,34.0,3.5859375,26.0,27.0,0.0,4.0,0.0,7.0,1.0625,0.0,1.0,0.0,12.0,0.0,6.0
25.0,0.51,33.0,78.5,0.5,43.1875,11.5,25.0,57.0,2.0,13.5,10.5,0.5,0.0,1.0,1.0,1.125,19.0,3.0,290.829833984375
33.25,0.41142822265625,28.0,2.5,0.43,50.75,13.8046875,27.0,82.125,5.0,35.60986328125,9.37744140625,14.718994140625,0.375,0.298583984375,13.3203125,0.03125,126.8125,13.96875,56.10693359375
14.75,0.5504492187500001,29.0,226.75,0.605,50.5,2.5,29.0,40.0,5.0,14.060302734375,1.036865234375,1.770751953125,10.75,0.796630859375,8.337890625,0.48583984375,32.610595703125,7.4970703125,165.218994140625
35.25,0.53,22.0,93.5,0.415625,107.96875,7.625,24.0,121.9296875,2.0,15.0,2.5,6.5,7.125,0.5,3.0,1.125,18.25,2.75,290.829833984375
23.5,0.47,22.0,171.5,0.565,87.0,6.0,34.0,74.5,1.0,16.0,2.0,6.0,12.5,11.0,4.0,0.0,39.0,7.0,82.0
38.5,0.33375,29.0,114.5,0.5549999999999999,67.25,8.0,33.0,66.0,1.0,26.875,8.0,15.21160888671875,7.75,3.625,7.625,0.5,104.625,7.375,219.75
40.0,0.46,27.0,349.5,0.436365966796875,59.2421875,0.0,22.0,62.640625,0.0,17.0,9.0,9.0,15.75,3.0,8.0,0.0,63.0,5.0,72.0
18.0,0.4599999999999999,25.0,14.0,0.42,62.0,10.375,33.0,74.890625,0.0,6.5,5.5,2.0,1.0,7.5,1.0,1.125,21.5,11.5,225.5
27.50390625,0.31,29.0,268.78125,0.4596484375,68.8076171875,12.5458984375,35.0,61.3154296875,0.0,31.0,9.0,4.0,14.607421875,0.0,0.0,0.0,104.0,13.96875,43.0
18.625,0.395,24.0,32.0,0.24,57.375,1.5,28.0,60.75,2.0,26.5,10.5,6.0,4.5,0.0,9.5,1.125,108.0,2.0,156.5
16.0,0.3668554687499999,37.0,33.0,0.31,23.0,3.40625,29.0,39.0,4.0,35.166015625,2.638671875,15.21160888671875,4.453125,1.0390625,4.681640625,0.0,92.03125,7.888671875,54.2265625
39.375,0.37,33.0,349.5,0.30125,107.96875,8.125,28.0,113.125,0.0,15.75,10.40234375,10.453125,13.625,11.0,8.875,0.0,52.375,4.293670654296875,161.23046875
33.59375,0.3996115112304687,36.0,17.875,0.380625,48.4375,3.5,31.0,58.0,1.0,41.204986572265625,8.149139404296875,15.21160888671875,1.71875,3.038482666015625,13.3043212890625,0.38653564453125,126.8125,13.96875,65.26275634765625
32.0,0.41,28.0,254.0,0.33,78.0,4.0,30.0,87.0,0.0,15.0,9.0,3.0,13.0,13.375,5.0,0.0,68.0,13.96875,9.0
9.5546875,0.275,26.0,105.5703125,0.479765625,43.1875,4.65625,33.0,30.8828125,1.0,11.25,1.625,1.875,9.8203125,13.0,3.75,0.0,48.75,3.875,201.375
22.703125,0.4575,23.0,192.0625,0.25328125,66.4375,4.421875,35.0,67.34375,1.0,5.0,4.5,4.625,7.265625,13.375,1.8125,0.125,19.75,5.0,15.25
6.0,0.3675,24.0,349.5,0.405,47.5,0.5,27.0,16.0,1.0,33.25,4.75,15.21160888671875,19.90234375,3.0,11.75,0.25,121.75,12.25,163.25
45.625,0.3249999999999999,27.0,41.0,0.4499999999999999,78.625,3.875,27.0,109.125,1.0,28.0,10.25,5.25,1.875,4.0,13.3203125,0.5,126.8125,5.25,63.5
0.0,0.4649999999999999,32.0,0.0,0.33,6.0,3.0,28.0,1.0,2.0,2.0625,3.0,1.1875,5.0,10.1875,0.0625,1.0625,10.5,1.5625,0.0
5.0,0.33,28.0,349.5,0.5125,19.75,1.25,30.0,8.0,0.0,18.0,2.0,11.0,11.0,4.0,5.453125,0.15625,32.610595703125,7.390625,186.5
37.5,0.4825,29.0,289.0,0.3349999999999999,107.96875,2.0,28.0,121.9296875,2.0,31.5,12.0,5.0,10.5,1.75,7.5,0.75,97.75,13.96875,140.75
4.0,0.42,23.0,94.0,0.11,28.0,1.0,27.0,11.0,0.0,10.5,4.0,4.0,14.0,13.375,4.0,0.0,54.0,6.5,132.5
6.75,0.5231250000000001,35.0,60.625,0.59875,26.875,8.375,34.0,18.5,2.0,31.25,0.875,1.375,9.0,9.4375,11.625,0.0,56.1875,2.875,126.5
25.75,0.30578125,33.0,28.5,0.4425,100.25,3.5,29.0,77.25,2.0,7.171875,4.09375,5.328125,19.90234375,13.375,2.25,0.25,35.734375,2.40625,19.09375
15.0,0.4496875,31.0,349.5,0.32,37.0,6.0,30.0,40.0,3.0,32.15625,14.3125,14.46875,19.90234375,2.875,9.25,0.0,126.8125,13.96875,46.75
9.5,0.475,27.0,101.25,0.47,66.5,8.75,35.0,52.25,1.0,1.5,0.5,0.0,6.5,0.0,0.0,0.0,3.0,0.0,1.5
32.5,0.44375,28.0,349.5,0.47,105.5,10.0,29.0,99.0,2.0,21.625,6.75,4.0,12.5,1.75,3.625,0.75,48.375,5.375,289.25
25.9521484375,0.4611853027343749,38.0,349.5,0.37896484375,78.0322265625,2.755859375,28.0,59.9716796875,4.0,30.43701171875,3.73291015625,0.375244140625,13.8603515625,6.97802734375,5.1719970703125,0.633544921875,74.59765625,2.923828125,53.883056640625
13.5,0.529296875,30.0,0.5,0.6,29.0,2.0,26.0,35.0,3.0,9.515625,7.765625,7.2578125,1.5,6.6484375,6.1953125,0.25,44.703125,8.453125,115.828125
45.625,0.215,29.0,0.0,0.29,86.0,9.0,28.0,121.9296875,0.0,9.5,12.0,10.0,0.0,2.0,3.5,1.0,77.5,13.96875,1.5
13.0,0.4635595703125,33.0,19.328125,0.3053125,26.859375,3.59375,29.0,26.3125,5.0,23.605712890625,5.880615234375,3.37060546875,4.453125,2.9423828125,6.6396484375,0.004150390625,65.168701171875,7.7724609375,290.829833984375
19.2578125,0.4981249999999999,36.0,102.28125,0.2496875,75.0,5.2265625,35.0,51.765625,3.0,20.5,1.625,6.125,19.90234375,8.6875,4.1875,0.25,25.25,10.4375,290.829833984375
14.349609375,0.35,34.0,132.5,0.605,43.0,0.5,29.0,47.1923828125,1.0,15.0,7.0,0.5,4.0,6.0,4.5,0.0,87.0,2.5,110.5
5.0,0.56,28.0,67.0,0.5,22.0,2.0,29.0,14.0,0.0,0.0,0.0,2.0,3.0,0.0,2.0,1.0,3.0,0.0,0.0
15.5,0.56,27.0,349.5,0.5575,61.0,0.0,28.0,54.0,0.0,23.605712890625,0.0,11.0,19.90234375,0.0,6.0,0.0,63.0,8.25,222.671875
40.0,0.56,32.0,1.0,0.365,53.5,5.0,24.0,69.5,1.0,14.25,0.0,0.75,4.5,1.75,6.5,0.5,3.75,1.5,19.25
16.0625,0.37875,38.0,111.828125,0.3759375,48.159515380859375,3.5859375,29.0,25.0,2.0,13.25,3.375,8.375,15.078125,4.5,3.5,0.0,36.625,12.125,190.0
26.75,0.56,32.0,119.75,0.5225,61.5,3.75,31.0,58.25,4.0,13.65625,4.046875,3.546875,1.75,5.28125,4.28125,0.0625,32.75,2.5625,64.84375
14.0,0.4624999999999999,25.0,3.0,0.43,22.0,1.0,25.0,24.0,1.0,16.75,4.0,3.5,6.0,1.0,1.5,0.5,34.25,2.25,53.75
6.0743255615234375,0.49640625,27.0,131.3121337890625,0.5119314575195313,21.124435424804688,1.5618743896484375,35.0,14.863754272460938,3.0,14.2578125,7.59765625,7.154296875,9.031829833984377,0.298828125,4.541015625,0.0,35.291015625,6.92578125,147.775390625
19.32134437561035,0.4010546874999999,28.0,9.218530654907228,0.3957508087158203,32.24071311950684,3.8471546173095694,35.0,38.14047813415527,3.0,4.638671875,0.34765625,3.70703125,5.661169052124023,13.375,0.58984375,0.0,10.537109375,1.48046875,1.673828125
13.0,0.28,30.0,135.5,0.485,50.0,12.5,26.0,44.0,0.0,16.0,10.0,15.21160888671875,1.5,1.0,3.0,0.0,89.0,6.0,208.0
27.50390625,0.56,25.0,120.5,0.4878125,107.96875,13.8046875,24.0,63.0,1.0,12.0,1.0,1.0,2.0,0.0,2.0,0.0,10.0,0.0,290.829833984375
45.625,0.315625,25.0,43.828125,0.3869140625,107.96875,8.0234375,30.0,121.9296875,2.0,9.75,9.390625,3.578125,0.33203125,13.25,6.1875,0.390625,59.4375,3.453125,38.265625
24.0,0.56,27.0,101.0,0.605,53.0,5.0,27.0,63.0,1.0,36.0,10.0,2.0,2.0,0.0,4.0,0.0,62.0,6.0,290.829833984375
22.125,0.528125,24.0,328.875,0.3687499999999999,107.96875,1.75,25.0,101.0,0.0,7.5625,4.0625,2.0,19.90234375,13.375,2.875,0.0,23.5,6.0625,164.5625
40.5,0.48984375,33.0,18.25,0.3475,107.96875,4.5,21.0,121.9296875,5.0,41.5,3.625,9.796875,9.75,0.421875,12.6875,0.046875,119.875,6.609375,290.829833984375
0.5,0.47375,20.0,72.5,0.25,18.0,0.0,24.0,1.5,1.0,12.375,2.5,1.875,16.5,9.25,1.25,0.625,22.25,3.125,290.829833984375
2.5,0.56,26.0,262.0,0.4525,26.5,6.25,28.0,21.25,2.0,16.25,4.0,0.0,3.0,4.0,4.0,1.125,10.5,0.25,290.829833984375
14.17218780517578,0.56,31.0,24.895172119140625,0.4973514556884765,48.159515380859375,4.3637237548828125,35.0,37.47533416748047,2.0,13.5625,7.71875,6.65625,14.029579162597656,2.625,2.0,0.0,37.34375,2.6875,40.21875
8.03125,0.375625,24.0,0.0,0.305,45.0,3.25,30.0,17.0,2.0,15.8125,3.8125,3.0,19.90234375,5.9375,5.0625,0.0,75.625,4.75,30.8125
34.5535888671875,0.37,24.0,26.2823486328125,0.3507861328125,107.96875,10.186279296875,29.0,121.9296875,1.0,14.5,5.5,4.5,1.5360107421875,13.375,7.0,0.0,57.0,8.0,10.5
21.2890625,0.511015625,29.0,20.4140625,0.429453125,79.59375,6.9140625,33.0,55.28125,2.0,41.5,7.0390625,4.3515625,19.90234375,0.640625,13.3203125,0.3671875,126.8125,11.2265625,16.2578125
36.490234375,0.22,23.0,181.875,0.59875,99.0,13.8046875,28.0,101.0,0.0,17.0,1.0,0.0,7.625,7.0,1.0,0.0,73.0,2.0,93.0
5.37554931640625,0.416875,26.0,182.4146728515625,0.436365966796875,20.7999267578125,1.791259765625,35.0,15.76708984375,1.0,5.59375,14.3125,3.78125,9.510986328125,13.375,4.21875,1.125,51.09375,4.53125,127.21875
22.625,0.39125,31.0,120.03125,0.580625,79.46875,10.0,25.0,80.09375,2.0,41.5,4.625,15.21160888671875,7.71875,2.5,8.25,0.125,126.8125,13.96875,176.0
31.625,0.3783984375,33.0,26.3125,0.4578125,63.03125,7.03125,29.0,73.4375,3.0,10.80859375,2.6640625,0.11328125,0.0625,3.63671875,1.453125,0.2578125,36.56640625,3.91015625,147.32421875
33.7159423828125,0.3423942279815674,32.0,55.619140625,0.296651611328125,105.3909912109375,3.0380859375,30.0,120.34716796875,5.0,19.89970016479492,12.582313537597656,8.472800254821777,2.896484375,13.375,3.2443065643310547,0.0391845703125,78.44107627868652,9.8025484085083,154.56170177459717
15.25,0.44171875,29.0,53.25,0.245,37.0,1.75,35.0,25.75,3.0,8.96875,1.28125,0.875,0.0,2.203125,3.0,0.0,22.96875,2.9375,20.28125
7.0,0.0825,39.0,120.5,0.24625,34.0,1.8125,35.0,27.0,3.0,0.125,0.125,0.5,1.5360107421875,2.0,0.0,0.0,0.5,0.0,0.0
14.0,0.515,33.0,175.515127658844,0.34359375,79.59375,9.5,24.0,62.58200073242188,4.0,35.28125,14.3125,4.625,14.0,3.375,12.875,0.03125,103.09375,13.96875,79.5625
30.0,0.215,31.0,98.0,0.44,63.75,13.8046875,33.0,77.25,1.0,18.0,2.5,3.5,1.5,7.5,2.5,0.0,46.0,2.0,238.5
15.609375,0.4600390625,27.0,32.875,0.605,51.59375,4.78125,29.0,42.4140625,2.0,19.30859375,3.23828125,11.60546875,9.265625,5.42578125,4.05078125,0.140625,53.453125,2.20703125,34.59765625
14.25,0.4,34.0,38.0,0.25328125,50.0,2.25,26.0,39.0,1.0,21.0,9.75,10.5,2.78125,9.0,8.75,0.0,78.5,9.0,151.0
20.25,0.56,27.0,129.5,0.56875,51.625,3.25,28.0,50.125,1.0,13.5,7.0,3.5,5.0,1.5,7.0,0.5,36.0,6.5,116.0
40.75,0.3728125,30.0,299.75,0.2774999999999999,98.75,1.25,28.0,97.0,2.0,14.28125,5.625,0.625,9.0,3.28125,4.34375,0.125,44.0,1.125,211.65625
20.546875,0.2340048217773437,36.0,308.0,0.43,74.109375,2.25,34.0,79.640625,5.0,13.790557861328123,8.1395263671875,5.8736572265625,14.0,3.1068115234375,2.98565673828125,0.064361572265625,85.70501708984375,4.293670654296875,18.449493408203125
36.490234375,0.215,32.0,135.5,0.425,90.84375,13.8046875,31.0,108.6103515625,1.0,7.0,7.75,8.25,1.5,0.0,3.25,0.0,48.0,6.0,122.75
4.159161269664764,0.3975,28.0,46.40677872300148,0.3295880143344402,15.293674319982529,2.392270475625992,34.0,15.894107282161713,2.0,19.75,10.5,11.25,1.0466357171535492,0.75,8.0,0.0,85.75,9.75,133.75
45.625,0.49,30.0,0.0,0.605,107.96875,1.0,33.0,121.9296875,1.0,30.0,2.0,10.0,0.0,0.0,5.0,1.0,62.0,7.0,62.0
16.0296630859375,0.4874999999999999,30.0,349.5,0.5096575927734375,48.60784912109375,2.71099853515625,30.0,37.39111328125,3.0,41.5,9.3125,2.25,19.90234375,0.1875,11.125,0.0,121.9375,13.96875,28.4375
9.65625,0.4925,28.0,18.21875,0.3771875,14.1875,6.6875,35.0,24.40625,0.0,9.515625,7.0,5.5,1.0625,0.46875,6.428653717041016,0.0,44.703125,7.390625,222.671875
39.375,0.301875,37.0,149.8937225341797,0.27875,86.75,3.544921875,29.0,121.9296875,4.0,37.6328125,11.765625,11.01171875,19.90234375,3.18359375,12.25,0.0,126.8125,7.55859375,161.23046875
9.0,0.3025,27.0,112.3125,0.521953125,24.0,4.0,26.0,14.625,0.0,0.375,0.125,1.0,18.25,1.5,0.5,0.625,0.75,0.0,0.0
45.625,0.54259765625,33.0,68.5,0.41,103.5,13.8046875,33.0,121.9296875,5.0,21.8125,3.83984375,8.751953125,2.5,1.359375,6.716796875,0.3828125,75.0791015625,9.3720703125,159.2451171875
2.75,0.4269140625,31.0,230.25,0.135,34.75,1.25,32.0,10.75,2.0,5.77685546875,0.00390625,0.03125,19.90234375,4.1025390625,1.7548828125,1.125,10.3310546875,2.14404296875,61.619140625
23.0,0.4,24.0,259.0,0.5,34.0,13.8046875,29.0,34.5,1.0,6.0,9.0,1.0,10.0,4.0,4.0,0.0,42.0,3.0,290.829833984375
9.5,0.535,32.0,349.5,0.4775,48.75,3.0,34.0,39.25,1.0,20.5,5.5,6.0,19.25,5.0,5.0,0.75,43.25,2.25,290.829833984375
17.62890625,0.4646044921875,33.0,349.5,0.3983984375,74.109375,2.5546875,28.0,60.25,3.0,19.859375,7.2548828125,6.72607421875,19.90234375,6.72314453125,8.7958984375,0.30859375,34.93212890625,5.6611328125,168.69287109375
37.375,0.3581249999999999,39.0,79.75,0.4496875,62.14453125,2.0,30.0,104.5,3.0,8.625,0.625,1.25,0.875,13.375,3.03125,0.875,26.03125,0.09375,30.65625
40.595458984375,0.56,38.0,69.770263671875,0.2934521484375,71.18408203125,3.396728515625,34.0,81.81787109375,2.0,24.375,5.4375,4.9375,5.31396484375,11.8125,8.875,0.4375,42.0,3.1875,155.5
45.625,0.19,25.0,54.5,0.39,107.96875,8.5,26.0,121.9296875,0.0,4.0,0.0,0.0,0.0,4.0,7.0,0.0,53.0,2.0,290.829833984375
7.015625,0.25890625,29.0,40.21875,0.44296875,26.4765625,3.5859375,30.0,17.5234375,2.0,5.0546875,0.6796875,1.9453125,11.9453125,7.03125,0.5234375,0.1875,14.609375,4.1875,46.875
3.4521026611328125,0.495,22.0,32.5,0.605,16.52142333984375,3.0,33.0,8.70703125,0.0,21.5,6.5,3.5,1.5,1.2001953125,3.505859375,0.0,46.25,5.140625,232.65625
25.390625,0.2527581787109375,31.0,154.265625,0.205625,83.0625,1.703125,28.0,72.78125,5.0,14.069366455078123,5.583160400390625,3.890380859375,19.90234375,9.27484130859375,6.22332763671875,0.349853515625,78.70046997070312,6.431976318359375,290.829833984375
12.875,0.46,31.0,94.0,0.56,33.0,13.8046875,24.0,41.25,1.0,18.0,6.0,1.0,2.7523193359375,1.0,0.0,1.125,14.0,0.0,290.829833984375
25.0,0.56,24.0,349.5,0.4415624999999999,65.6171875,3.25,28.0,73.59375,0.0,13.25,2.0,2.185546875,19.90234375,4.0,2.0,0.0,58.75,6.349365234375,222.671875
45.625,0.34046875,29.0,61.0,0.345,102.0,13.8046875,27.0,120.5,4.0,20.984375,2.703125,1.390625,2.5,5.5,2.375,0.96875,59.859375,5.359375,106.140625
26.75,0.4453125,31.0,327.5,0.59,80.125,0.0,28.0,58.125,3.0,9.84375,14.3125,11.9375,11.0,3.03125,5.0625,0.125,66.625,10.15625,114.125
42.8707275390625,0.460390625,29.0,59.1224365234375,0.414423828125,62.0872802734375,12.81884765625,30.0,96.66748046875,3.0,23.3515625,11.53125,6.5390625,2.7523193359375,0.125,13.3203125,0.1953125,81.203125,10.1328125,290.829833984375
45.625,0.338125,31.0,54.34375,0.391875,107.96875,11.90625,34.0,121.9296875,1.0,20.34375,11.625,11.125,2.484375,10.03125,2.09375,0.0,92.84375,6.28125,9.5
6.0,0.28,28.0,38.0,0.5,32.0,2.0,25.0,19.0,0.0,9.0,7.0,7.154296875,0.0,4.0,3.6640625,0.0,46.5,5.0,4.0
45.625,0.3625,27.0,38.25,0.395,107.96875,9.25,28.0,121.9296875,0.0,20.25,5.0,10.0,0.75,11.5,8.0,0.75,100.0,7.75,58.25
4.39111328125,0.545198860168457,38.0,5.978759765625,0.4396649169921874,16.52142333984375,1.31292724609375,35.0,11.353515625,5.0,25.53972625732422,1.7819976806640625,0.31805419921875,5.15777587890625,3.456541061401367,0.1795368194580078,0.0488739013671875,14.381414413452148,1.9716873168945312,57.2142333984375
18.966796875,0.4359375,29.0,93.705078125,0.3545410156249999,51.3486328125,6.09375,35.0,47.1923828125,3.0,24.125,8.6875,12.65625,6.1484375,5.875,12.71875,0.0,95.0,6.46875,37.28125
13.0,0.413359375,31.0,17.0,0.51,64.0,13.8046875,29.0,44.0,3.0,29.765625,14.3125,7.5234375,19.0,8.015625,8.10546875,0.125,122.65234375,8.63671875,17.18359375
18.8125,0.32419921875,34.0,283.75,0.25875,70.125,4.4375,35.0,58.0625,4.0,2.42578125,2.859375,2.185546875,17.9375,13.375,1.833984375,0.216796875,12.724609375,4.3515625,42.44921875
45.625,0.42625,30.0,101.125,0.3725,107.96875,10.25,33.0,121.9296875,3.0,41.5,10.0234375,0.40625,7.1875,2.90625,13.3203125,1.125,87.828125,2.703125,241.5390625
4.0,0.36,27.0,89.0,0.5,4.0,1.0,29.0,7.0,0.0,5.0,0.0,4.0,2.0,13.0,3.0,1.125,12.0,13.0,53.0
1.1484375,0.14,26.0,198.40625,0.605,11.015625,0.734375,35.0,4.875,0.0,10.5,9.5,15.21160888671875,5.4609375,0.5,7.0,0.0,126.8125,9.0,10.5
12.46875,0.55,24.0,258.09375,0.4415624999999999,52.9375,6.1875,33.0,44.4375,1.0,2.125,1.125,0.0,13.21875,3.0,0.375,1.125,5.875,1.125,72.125
45.625,0.56,25.0,22.0,0.32,107.96875,9.0,22.0,121.9296875,0.0,6.0,1.0,11.0,11.0,7.0,2.0,1.0,9.0,1.0,34.0
4.5,0.4496875,32.0,83.5625,0.391875,23.75,4.1875,30.0,17.4375,4.0,41.5,3.25,15.21160888671875,7.6875,0.84375,13.3203125,0.09375,126.8125,12.21875,173.5
45.625,0.2319140625,27.0,16.5,0.33375,92.5,13.8046875,32.0,121.9296875,4.0,12.86328125,1.49609375,3.953125,1.0,2.5546875,3.53515625,0.58203125,47.625,2.3359375,47.22265625
22.125,0.5444271850585938,32.0,94.48046875,0.56,82.4375,6.375,30.0,73.59375,5.0,38.19488525390625,6.0191650390625,6.738494873046875,19.90234375,3.7291259765625,9.09222412109375,1.125,72.71038818359375,13.31195068359375,176.017578125
37.375,0.4525,24.0,168.5,0.3924999999999999,73.5,2.5,30.0,93.5,1.0,15.25,2.5,12.25,2.0,8.0,8.5,0.0,58.75,11.0,115.75
30.0,0.4125,30.0,7.5,0.3075,52.5,4.25,25.0,57.75,2.0,26.25,11.0,15.0,5.25,0.25,10.0,0.0,102.0,6.75,139.25
22.375,0.29609375,32.0,11.0,0.445625,82.4375,3.9140625,30.0,104.5,3.0,23.6875,3.796875,1.953125,0.0,0.46875,7.8125,0.015625,67.328125,3.609375,82.5
36.328125,0.1624999999999999,25.0,14.171875,0.4137499999999999,58.640625,4.65625,29.0,77.625,1.0,3.25,5.0,4.25,1.046875,2.0,1.75,0.25,24.5,0.25,206.5
16.25,0.5235937500000001,26.0,17.0,0.4731249999999999,39.8125,4.5,25.0,27.0,4.0,20.265625,14.3125,14.6875,3.0,6.234375,8.703125,0.0,74.953125,6.234375,205.390625
2.5,0.431875,33.0,118.25,0.24875,12.75,0.25,30.0,5.75,2.0,40.40625,1.09375,5.15625,7.25,2.875,7.625,0.125,81.75,4.03125,200.875
7.890625,0.551875,41.0,55.2265625,0.53125,21.453125,0.46875,35.0,17.90625,5.0,41.5,3.7890625,3.5546875,2.515625,1.240234375,6.642578125,0.00390625,74.748046875,0.84765625,290.829833984375
3.4521026611328125,0.32625,31.0,21.272003173828125,0.5398573303222656,9.762466430664062,0.387115478515625,34.0,8.248825073242188,1.0,23.6875,6.25,10.25,3.6402587890625,3.0625,4.1875,0.0,107.6875,6.5625,14.0
14.25,0.2937109375,25.0,94.48046875,0.4025,62.0,3.0,31.0,54.0,2.0,15.6953125,8.0546875,4.55859375,18.0,8.046875,7.80859375,0.11328125,67.33203125,4.02734375,139.26953125
45.625,0.456484375,32.0,280.0,0.475,107.96875,0.5,30.0,121.9296875,4.0,23.34765625,12.71484375,2.19140625,5.5,1.51171875,7.87109375,0.8203125,93.32421875,7.73828125,126.08984375
12.75,0.5,25.0,55.0,0.43,45.5,0.5,33.0,30.76953125,0.0,0.0,2.0,0.0,1.5,0.0,0.0,0.0,4.0,2.0,0.0
16.25,0.39,24.0,303.0,0.45875,45.0,2.625,32.0,44.0,1.0,11.75,8.75,7.0,14.625,3.0,11.0,0.75,61.25,9.75,69.25
28.875,0.458828125,29.0,173.0,0.3399999999999999,53.0625,2.25,35.0,53.5,1.0,41.5,5.486328125,0.421875,6.0625,2.66796875,13.06640625,0.0,80.78515625,13.96875,290.829833984375
45.625,0.45,27.0,79.0,0.605,107.96875,13.8046875,31.0,121.9296875,1.0,22.0,2.5,1.0,2.0,13.375,3.0,0.0,17.0,1.0,144.5
11.5625,0.38,31.0,128.75,0.38875,36.625,2.375,27.0,31.5,1.0,4.9375,10.125,13.0625,9.6875,7.0625,3.25,0.5,57.1875,6.0,1.625
24.13037109375,0.2957540893554687,36.0,254.80078125,0.37726806640625,50.601318359375,3.9552001953125,31.0,52.220947265625,5.0,28.786659240722656,14.3125,6.5449981689453125,9.931640625,0.9163665771484376,5.23846435546875,0.0021286010742187,108.38584899902344,10.414352416992188,173.56615447998047
25.0,0.56,30.0,349.5,0.38,99.0,6.0,26.0,72.0,1.0,10.0,2.0,8.0,19.90234375,13.375,1.0,0.0,8.0,8.0,290.829833984375
10.8095703125,0.505,31.0,23.24462890625,0.56224609375,29.3798828125,5.74951171875,30.0,34.25,2.0,22.5,14.3125,13.875,1.38037109375,5.625,13.3203125,0.0,93.875,10.875,146.375
45.625,0.383125,33.0,45.0,0.43,107.0,13.8046875,31.0,121.9296875,2.0,9.75,0.0,0.1875,0.0,0.6875,0.5,0.0,13.9375,1.5625,7.4375
9.0,0.31,26.0,170.5,0.5,28.5,2.5,29.0,26.5,1.0,8.0,1.0,4.0,3.0,13.375,0.5,1.125,24.0,3.0,1.5
24.75,0.4549999999999999,26.0,135.5,0.483388671875,50.75,1.703125,32.0,66.75,0.0,31.25526428222656,3.75,9.5,0.0,2.0,3.0,0.0,78.5,8.09375,21.59375
45.625,0.31322265625,33.0,8.569601058959961,0.4075341546535491,96.28321957588196,13.8046875,33.0,121.9296875,5.0,21.1026611328125,8.4027099609375,15.21160888671875,0.0894088745117187,0.5196533203125,5.018798828125,0.0,99.3709716796875,13.96875,51.8594970703125
11.5,0.43625,24.0,80.5,0.2299999999999999,32.0,0.0,27.0,28.5,1.0,18.4375,4.0,2.6875,8.5,13.375,8.5625,1.125,49.8125,9.875,166.0625
7.59375,0.56,26.0,232.0,0.415,25.25,1.0,25.0,34.08984375,1.0,20.0,2.0,12.0,9.265625,0.0,4.0,0.0,34.0,3.0,133.0
0.0,0.475,31.0,0.0,0.51,5.0,6.0,27.0,4.0,1.0,4.5,2.0,0.0,0.0,10.5,1.5,0.0,16.0,0.0,8.0
28.6875,0.56,34.0,92.3125,0.34625,58.375,5.5625,31.0,64.875,5.0,29.15423583984375,14.3125,8.43743896484375,5.5625,11.6309814453125,12.0146484375,0.0166015625,67.62603759765625,6.25469970703125,133.8375244140625
9.0625,0.46,27.0,0.0,0.4646875,37.5,0.5,30.0,29.125,0.0,24.16953468322754,4.125,1.125,14.029579162597656,8.40625,5.5,0.0,46.25,5.90625,82.0
21.5,0.56,33.0,19.3125,0.3957508087158203,52.5,3.375,30.0,27.0,0.0,19.5,3.796875,9.821517944335938,5.939453125,2.5,7.0,0.0,84.75,4.859375,115.75
45.625,0.435,27.0,65.25,0.4974999999999999,107.96875,13.8046875,32.0,121.9296875,2.0,23.5,4.5,8.5,5.5,1.0,13.3203125,0.0,77.0,9.0,92.5
10.934368133544922,0.448280029296875,33.0,138.16532135009766,0.5140359878540038,41.28481674194336,5.203426361083984,35.0,26.92281723022461,5.0,32.37762451171875,14.3125,15.21160888671875,15.943988800048828,8.1339111328125,8.66162109375,0.00830078125,116.6326904296875,5.0579833984375,49.32525634765625
3.0,0.465,34.0,33.0,0.41,6.0,2.0,25.0,7.0,1.0,40.0,5.5,15.21160888671875,3.0,0.0,10.0,0.5,102.5,13.96875,25.0
42.5,0.3575,29.0,73.25,0.4525,83.25,13.8046875,30.0,106.25,2.0,26.0,4.28125,15.21160888671875,2.0,2.40625,2.765625,0.0,88.609375,8.765625,106.796875
45.625,0.4831494140625,34.0,135.095703125,0.488505859375,74.4267578125,9.9072265625,35.0,121.9296875,5.0,41.5,5.9599609375,11.93798828125,3.0869140625,0.33984375,13.3203125,0.095703125,126.8125,13.96875,290.829833984375
5.0,0.40796875,25.0,349.5,0.515,16.5,4.5,29.0,9.5,1.0,19.921875,9.046875,3.34375,8.0,13.375,8.453125,1.046875,70.59375,10.0,232.65625
1.1875,0.3262939453125,31.0,84.8125,0.59375,13.9375,0.5625,35.0,4.9375,4.0,9.036865234375,8.9539794921875,1.960205078125,8.1875,2.0302734375,1.6474609375,0.0074462890625,43.327392578125,1.51171875,12.740234375
19.90625,0.3924999999999999,22.0,169.375,0.414375,57.0625,13.71875,35.0,57.53125,1.0,16.25,14.3125,8.75,9.46875,8.0,6.25,0.5,46.5,4.25,138.25
16.0296630859375,0.4624999999999999,28.0,0.0,0.4468749999999999,46.25,1.0,35.0,29.125,0.0,20.5,0.0,2.40625,19.90234375,4.0,4.0,0.0,60.5,4.780365228652954,82.0
15.625,0.286256103515625,29.0,67.375,0.45625,48.875,7.875,35.0,33.5,5.0,9.39410400390625,7.7266845703125,6.77679443359375,15.5,0.34375,9.06170654296875,0.532470703125,35.2047119140625,4.6290283203125,68.1297607421875
4.818603515625,0.49875,32.0,180.78125,0.20015625,22.22705078125,0.75439453125,35.0,15.583251953125,1.0,25.5,5.125,11.1875,3.989013671875,7.375,6.0,0.1875,56.375,13.96875,290.829833984375
1.0,0.443779296875,31.0,349.5,0.33,23.0,0.0,29.0,16.0,1.0,15.39453125,3.875,7.97265625,19.90234375,9.8193359375,3.736328125,1.0380859375,29.43359375,7.79296875,167.39453125
21.25,0.49,30.0,17.0,0.605,45.5,13.8046875,27.0,54.0,0.0,36.0,8.0,4.0,6.25,0.0,8.0,0.0,83.0,12.0,290.829833984375
7.5,0.3924999999999999,31.0,181.875,0.605,26.0,6.25,29.0,25.0,1.0,4.75,0.0,0.75,7.25,13.375,0.0,0.0,10.5,2.25,35.5
18.875,0.375,26.0,32.0,0.45875,66.5,1.0,27.0,62.640625,0.0,16.4765625,4.25,11.0,5.0,2.0,6.0,0.0,30.25,4.5,45.578125
14.0,0.32,24.0,33.0,0.47,45.0,5.0,34.0,38.0,0.0,24.0,9.0,4.0,12.0,4.0,11.0,0.0,126.8125,5.0,17.0
45.625,0.515,29.0,215.0,0.355,107.96875,6.0,26.0,121.9296875,1.0,41.5,5.0,4.0,3.0,6.0,13.3203125,0.5,119.0,5.5,287.5
26.431884765625,0.3225,32.0,100.23828125,0.27330322265625,91.781982421875,2.076171875,29.0,100.6943359375,0.0,7.25,13.25,3.5,5.79296875,6.25,4.0,0.5,58.75,9.25,69.75
8.5,0.33,19.0,285.0,0.42,60.0,10.0,25.0,57.5,0.0,0.0,2.0,1.0,3.5,10.0,0.0,0.0,3.0,1.0,9.0
12.1875,0.405,32.0,323.0,0.4525,50.625,4.3125,28.0,39.71875,1.0,23.0,4.0,2.5,18.15625,1.5,2.0,0.0,62.5,4.5,19.0
16.09375,0.4024999999999999,27.0,349.5,0.40625,48.71875,4.75,31.0,55.21875,1.0,14.90625,3.625,13.65625,11.28125,3.0,3.09375,0.0,51.25,4.53125,23.375
1.0,0.56,25.0,19.0,0.58,1.0,3.0,26.0,2.0,0.0,21.04266357421875,4.04296875,12.0,0.0,4.0,8.5625,0.0,50.536376953125,8.538238525390625,99.0
42.0,0.375,32.0,51.5,0.41,102.0,1.5,28.0,81.0,0.0,5.0,2.0,8.0,10.5,12.5,1.0,1.125,17.0,4.5,186.5
0.0,0.5425,35.0,229.0,0.0,31.0,0.0,32.0,0.0,2.0,18.75,7.5,2.25,19.90234375,7.0,8.25,0.0,26.5,3.75,249.0
6.0,0.415,31.0,349.5,0.51375,23.75,1.75,29.0,25.0,0.0,28.92919921875,5.75,7.375,9.75,2.0,7.0,0.0,75.0791015625,9.875,232.65625
25.0,0.4275,24.0,349.5,0.46822265625,90.625,1.5,27.0,99.0,0.0,16.53505603969097,4.25,4.5,15.4453125,2.0,2.625,0.0,39.25,6.75,174.59375
21.0,0.55,33.0,23.0,0.59,47.0,13.8046875,28.0,45.0,1.0,17.0,7.0,1.0,1.0,0.0,3.0,0.0,30.0,4.0,31.0
14.349609375,0.49,33.0,105.97265625,0.605,46.78125,13.8046875,34.0,42.796875,1.0,23.0,10.0,1.0,0.9296875,0.0,4.0,0.0,73.0,3.0,3.0
30.0,0.3774999999999999,28.0,344.25,0.3175,100.5,6.0,26.0,88.75,1.0,24.5,14.3125,12.25,19.90234375,1.0,10.5,0.0,88.75,10.75,107.75
41.5234375,0.42625,24.0,40.875,0.4,53.5,1.703125,30.0,65.0,0.0,41.5,7.3125,7.5234375,8.25,0.0,13.3203125,0.0,105.5,4.0,175.63029098510742
21.09375,0.41640625,29.0,72.9921875,0.4503125,68.9609375,2.84375,35.0,62.640625,2.0,12.578125,7.390625,15.21160888671875,4.6328125,3.421875,7.421875,0.0,43.046875,8.859375,110.296875
34.0,0.39875,34.0,105.33203125,0.3,68.15625,1.5,26.0,110.08023071289062,2.0,29.3125,7.3125,5.75,6.0,1.0,7.875,0.0,96.9375,2.8125,198.5
13.75,0.526875,32.0,35.0,0.4525,25.25,2.25,29.0,31.75,4.0,11.1875,1.0,2.4375,1.5,0.5,6.8125,0.0,20.9375,4.4375,84.375
11.75,0.4549999999999999,30.0,114.375,0.47,22.625,8.5,30.0,21.9375,1.0,7.0,14.3125,4.5,4.4375,11.0,2.0,0.0,47.0,2.0,79.0
39.28125,0.2078125,39.0,19.3125,0.4,70.84375,9.5,33.0,104.5,3.0,3.0,8.6875,2.78125,1.25,0.625,0.03125,0.375,12.9375,0.5625,0.0
6.984375,0.55,34.0,51.646484375,0.35751953125,12.916015625,0.67578125,32.0,12.572265625,1.0,11.0,14.3125,6.0,3.7890625,2.0,13.3203125,0.0,78.0,6.0,7.0
2.0,0.526875,24.0,0.0,0.605,7.0,1.0,23.0,7.0,0.0,17.25,4.0,15.21160888671875,0.0,4.0,7.226890563964844,0.0,62.59375,6.0,82.0
3.0,0.43,24.0,107.0,0.605,21.0,9.0,28.0,13.0,1.0,12.0,7.0,3.0,1.0,1.0,3.0,1.125,17.0,0.0,290.829833984375
15.0,0.53,21.0,140.0,0.55,51.7421875,2.0,25.0,35.0,1.0,41.5,14.3125,15.21160888671875,19.90234375,2.0,2.0,0.0,75.0,1.0,290.829833984375
14.0,0.442578125,24.0,349.5,0.4425,80.125,4.625,25.0,61.5,3.0,7.0859375,7.359375,1.0390625,19.90234375,0.5703125,2.2109375,1.125,22.515625,3.09375,58.6953125
19.0,0.53015625,30.0,0.0,0.47,43.0,1.0,32.0,57.0,5.0,16.4765625,5.7890625,1.328125,0.0,3.96875,3.6171875,0.015625,34.765625,7.390625,220.28125
6.418701171875,0.450052490234375,31.0,133.572021484375,0.1894482421875,38.90234375,0.85400390625,28.0,16.47021484375,4.0,19.15545654296875,4.36993408203125,0.77691650390625,19.90234375,12.3895263671875,4.05902099609375,0.01080322265625,47.46697998046875,2.52447509765625,23.84027099609375
29.46875,0.36640625,26.0,125.890625,0.38859375,75.03125,9.453125,27.0,73.59375,3.0,24.984375,7.09375,15.21160888671875,19.90234375,1.203125,4.53125,0.0,81.078125,13.96875,76.546875
7.59375,0.56,29.0,179.078125,0.214375,25.65625,2.125,23.0,21.203125,2.0,11.125,4.9375,15.21160888671875,15.203125,4.875,7.8125,0.125,35.9375,6.125,79.0625
19.095703125,0.45734375,28.0,26.09765625,0.3529492187499999,45.763671875,3.7890625,34.0,60.8125,2.0,22.546875,2.71875,3.890625,1.0546875,7.765625,5.453125,0.515625,62.9375,6.53125,12.609375
39.40625,0.3825,27.0,10.265625,0.346875,55.640625,4.171875,32.0,85.421875,1.0,13.5,3.75,8.75,0.21875,10.25,8.0,1.125,39.25,3.25,101.0
8.0,0.466875,28.0,58.0,0.48,23.0,5.0,24.0,16.0,1.0,28.4375,7.3125,15.21160888671875,11.0,0.0625,5.8125,0.5625,66.8125,11.0625,57.5625
24.375,0.3455630493164062,37.0,280.96875,0.48125,90.84375,3.375,35.0,73.5625,5.0,17.660545349121094,1.707956314086914,1.0928955078125,18.53125,2.370834350585937,3.716943740844727,0.0,52.657846450805664,2.3283767700195312,23.769695281982425
45.625,0.4954736328125,26.0,219.0,0.3140625,103.515625,4.234375,28.0,102.453125,4.0,41.5,14.3125,9.87548828125,10.34375,13.375,13.3203125,0.08251953125,126.8125,13.96875,13.0048828125
45.625,0.46,30.0,239.25,0.405,107.96875,7.0,24.0,121.9296875,2.0,41.5,14.3125,15.21160888671875,17.75,10.75,13.3203125,0.0,126.8125,9.5,187.25
34.0,0.425,30.0,349.5,0.6,61.0,13.8046875,29.0,80.0,0.0,35.166015625,6.25,3.25,4.0,11.0,6.875,0.5,69.60566920042038,6.3125,290.829833984375
15.5,0.56,23.0,232.0,0.48,49.0,13.8046875,27.0,56.5,2.0,41.5,10.0,6.0,12.0,2.0,13.3203125,1.0,53.5,3.0,290.829833984375
33.0,0.355,31.0,308.0,0.2,93.0,5.0,26.0,69.0,1.0,19.5,4.0,4.0,18.0,0.5,10.5,0.5,80.5,4.5,55.5
18.0,0.47375,24.0,69.0,0.39,63.0,6.0,28.0,69.0,3.0,8.5,4.125,1.375,2.0,3.375,6.875,0.625,13.0,2.25,193.875
12.93359375,0.525625,28.0,234.75390625,0.3791796875,26.953125,11.626953125,32.0,32.078125,1.0,10.3125,11.5625,15.21160888671875,6.189453125,4.6875,10.6875,0.0,36.1875,13.96875,82.1875
13.4921875,0.43,33.0,349.5,0.24,24.0,3.0380859375,27.0,26.3125,0.0,19.0,10.0,7.0,19.90234375,0.0,12.0,1.0,92.0,5.0,11.0
0.0,0.56,30.0,0.0,0.605,5.0,1.0,35.0,0.0,1.0,8.21875,0.125,0.1875,5.0,13.375,1.5625,0.0,2.09375,11.875,0.0
26.5,0.315,32.0,286.5,0.23,107.96875,2.0,29.0,121.9296875,1.0,6.5,1.0,9.5,5.5,13.375,2.0,0.0,26.5,13.0,290.829833984375
20.0,0.56,31.0,24.375,0.35125,64.75,13.8046875,35.0,62.75,3.0,20.90625,4.328125,4.453125,11.25,1.0,0.640625,0.546875,47.125,1.703125,58.625
37.99462890625,0.5101126861572265,33.0,91.14404296875,0.5074804687500001,69.5205078125,13.8046875,35.0,87.4326171875,5.0,41.5,6.943897247314453,11.21385669708252,6.39404296875,0.360931396484375,5.339449882507324,6.103515625e-05,89.2785415649414,13.96875,175.63029098510742
21.5,0.423896484375,35.0,186.0,0.4599999999999999,61.0,5.5,31.0,45.0,5.0,11.9300537109375,14.3125,8.75604248046875,19.90234375,3.0164794921875,13.3203125,0.0003662109375,83.94677734375,5.8416748046875,8.0611572265625
19.0,0.4215625,32.0,220.0,0.51,25.0,11.0,35.0,39.0,2.0,25.28125,14.3125,2.40625,1.0,5.40625,7.40625,0.0,94.9375,1.21875,2.96875
0.5,0.23,27.0,0.0,0.25,16.0,0.0,27.0,1.0,1.0,2.75,0.0,0.0,12.5,0.0,0.0,0.75,0.5,0.0,0.0
8.625,0.56,37.0,61.875,0.50625,12.125,0.5625,27.0,14.875,5.0,31.25526428222656,3.2413253784179688,8.490257263183594,0.9375,1.1187591552734375,2.5154800415039062,0.0024566650390625,77.18724822998047,6.167984008789063,48.02747344970703
2.0,0.5186328125,30.0,0.0,0.605,9.0,1.0,30.0,11.0,5.0,34.6328125,12.9296875,4.39453125,0.0,4.71875,13.3203125,0.203125,76.87890625,4.54296875,266.28515625
6.418701171875,0.475,22.0,349.5,0.49,37.125,5.5625,24.0,14.3125,0.0,41.5,3.7509765625,9.821517944335938,15.5,1.5424251556396484,10.6875,0.0,105.5,7.5,99.0
6.71484375,0.4390625,31.0,248.02734375,0.46822265625,24.298828125,1.234375,32.0,17.525390625,1.0,27.46875,8.6875,1.78125,12.48046875,9.75,6.75,0.46875,79.28125,9.75,154.84375
27.375,0.38171875,29.0,187.875,0.27875,80.875,2.625,29.0,83.0,2.0,13.784912109375,11.8388671875,15.21160888671875,4.5,4.746826171875,13.3203125,0.546875,82.322998046875,13.96875,138.91748046875
10.6171875,0.38353759765625,36.0,21.0859375,0.380234375,30.859375,6.671875,29.0,29.0625,5.0,41.5,4.4826507568359375,12.980514526367188,2.4453125,2.237518310546875,5.0309600830078125,0.004913330078125,123.37449645996094,11.335968017578123,95.05494689941406
45.625,0.398125,33.0,8.5,0.31,107.96875,5.5,25.0,113.0,2.0,33.625,14.3125,15.21160888671875,8.0,0.8125,13.3203125,0.0,126.8125,13.96875,36.6875
4.0,0.39,24.0,68.5,0.505,16.5,2.5,24.0,11.5,0.0,41.5,14.3125,12.0,5.0,0.0,13.3203125,1.0,126.8125,13.96875,182.0
13.6875,0.56,32.0,148.0625,0.4646875,24.09375,1.34375,35.0,20.09375,0.0,4.0,14.3125,7.0,11.6875,2.0,9.0,1.0,26.0,13.96875,290.829833984375
15.75,0.41759521484375,34.0,18.25,0.5,31.25,9.5,29.0,41.25,5.0,29.739501953125,9.970703125,15.21160888671875,1.0,1.05810546875,13.3203125,0.72998046875,107.6163330078125,13.96875,104.1416015625
15.0,0.43,33.0,110.0,0.605,46.25,1.0,26.0,41.5,1.0,36.0,11.0,10.0,6.75,3.0,9.0,0.0,110.0,8.0,167.0
8.0,0.475,29.0,0.0,0.605,41.0,1.0,24.0,20.0,2.0,25.0,6.25,12.25,19.0,2.5,8.0,0.25,63.5,4.5,81.0
32.193359375,0.56,31.0,133.2568359375,0.483388671875,102.9267578125,1.9423828125,35.0,93.2802734375,2.0,8.96875,1.6875,1.1875,6.642578125,0.59375,1.84375,0.21875,17.96875,3.5,35.59375
11.671875,0.506484375,33.0,349.5,0.605,30.4375,1.1875,34.0,20.578125,3.0,15.68359375,6.837890625,7.1171875,19.90234375,6.029296875,8.904296875,1.017578125,44.228515625,10.818359375,290.829833984375
11.46875,0.42140625,28.0,70.375,0.5506249999999999,37.4375,0.5625,30.0,32.375,2.0,2.6015625,9.8515625,5.953125,2.15625,1.375,3.6640625,0.015625,32.3671875,1.40625,67.703125
2.5,0.355,24.0,17.0,0.055,20.0,1.5,29.0,11.0,0.0,27.25,3.75,8.0,5.5,0.0,2.75,0.0,84.75,10.0,53.0
29.0,0.4321093749999999,28.0,77.0,0.4578125,62.0,3.0,30.0,72.0,0.0,31.25526428222656,2.0,3.0,1.125,2.0,7.0,0.5,46.6875,5.140625,154.56170177459717
12.1875,0.5203125,34.0,7.0625,0.38125,48.0625,7.375,31.0,52.8125,5.0,24.556884765625,5.744140625,10.0751953125,0.0625,1.25830078125,8.024169921875,0.00048828125,25.6416015625,6.019287109375,290.829833984375
19.375,0.25203857421875,35.0,158.875,0.305,62.875,6.0,29.0,67.875,5.0,8.324462890625,4.1162109375,3.9892578125,5.125,4.8544921875,3.88525390625,0.514892578125,54.64013671875,6.349365234375,76.595947265625
24.5,0.3999999999999999,33.0,140.0,0.4681640625,45.0,3.396728515625,32.0,60.0,2.0,11.875,2.875,4.125,19.90234375,2.625,13.3203125,0.125,19.25,5.625,290.829833984375
9.0625,0.3825,36.0,125.4375,0.34375,42.9375,0.875,32.0,26.3125,1.0,28.75,6.5,4.25,17.125,5.875,1.75,0.5,52.625,8.125,61.25
16.0,0.56,29.0,11.5,0.4,37.5,9.5,35.0,38.75,2.0,2.6875,3.0625,1.25,0.625,0.8125,0.4375,0.0,11.3125,1.125,4.0
45.625,0.37,31.0,25.0,0.3199999999999999,94.5,8.0,28.0,114.0,1.0,20.0,2.0,10.5,2.5,0.5,2.0,1.0,46.5,8.0,149.0
12.75,0.56,33.0,349.5,0.305,33.75,3.0,31.0,21.0,0.0,2.5,8.0,7.0,18.25,1.5,8.0,0.5,15.5,7.5,164.5
28.0,0.405,28.0,250.0,0.4,107.96875,3.0,21.0,121.9296875,2.0,19.5,11.0,14.0,15.0,4.0,8.0,0.0,81.0,13.96875,290.829833984375
39.28125,0.2249999999999999,28.0,113.0625,0.3228125,92.59375,9.71875,30.0,90.5625,0.0,13.5,2.5,3.5,6.625,11.0,9.0,0.5,110.0,13.96875,21.0
38.5,0.445,32.0,107.5,0.47,74.109375,7.5,31.0,51.0,1.0,15.75,4.25,5.0,1.5,1.25,8.75,0.0,46.75,6.5,9.0
12.14794921875,0.5035546875,36.0,8.02734375,0.498984375,30.445556640625,2.2236328125,35.0,31.400390625,4.0,20.931640625,2.10546875,4.56640625,1.422119140625,3.916015625,3.505859375,0.5,35.572265625,6.427734375,24.8125
40.5625,0.4537670773267745,34.0,23.9375,0.296875,86.0625,10.125,29.0,106.4375,5.0,41.5,14.3125,15.21160888671875,0.1875,0.0152788162231445,10.09533953666687,0.0,126.8125,12.978999853134155,20.16505169868469
7.0,0.5,27.0,103.0,0.44,65.0,2.0,27.0,64.0,0.0,32.0,2.0,10.0,3.0,2.0,11.0,0.0,79.0,13.96875,15.0
16.25,0.1785918045043945,38.0,80.5625,0.4890624999999999,31.28125,12.1875,27.0,32.375,5.0,7.659619331359863,7.15875244140625,0.9839076995849608,3.28125,13.375,2.278361320495605,1.056051254272461,45.42862987518311,1.750565528869629,59.31557846069336
17.1875,0.47375,23.0,178.4375,0.5081249999999999,79.5625,7.875,29.0,51.3125,1.0,17.25,0.875,3.125,19.90234375,7.125,4.375,0.125,48.625,13.125,88.75
3.125,0.3776953125,32.0,68.75,0.605,10.375,0.0,33.0,7.875,5.0,13.58203125,4.04296875,4.6328125,1.625,4.36328125,1.40625,0.90234375,30.66796875,9.2109375,290.829833984375
45.625,0.28,28.0,23.0,0.405,107.96875,13.8046875,25.0,121.9296875,1.0,27.75,2.75,15.21160888671875,2.5,0.0,13.3203125,0.0,126.8125,6.75,16.5
13.375,0.31,28.0,293.5625,0.605,50.5,1.875,31.0,55.0,1.0,39.0,13.0,15.21160888671875,0.55859375,0.0,13.3203125,0.0,126.8125,13.96875,85.0
0.0,0.3512499999999999,25.0,219.0,0.605,23.0,0.0,21.0,0.0,2.0,10.1875,5.6875,2.1875,19.90234375,2.21875,0.65625,1.0,27.46875,3.0625,69.84375
15.5,0.459375,32.0,349.5,0.565,72.5,3.5,24.0,59.0,3.0,41.5,3.9375,15.21160888671875,13.0,3.015625,13.3203125,0.0,126.8125,11.78125,15.765625
21.28125,0.34875,40.0,166.515625,0.45546875,59.2421875,3.1953125,33.0,38.09375,1.0,26.7421875,7.5078125,14.58203125,19.90234375,7.625,13.3203125,0.0,122.63671875,8.109375,75.03125
40.125,0.3349999999999999,25.0,200.3125,0.3425,68.25,13.8046875,28.0,86.8125,0.0,18.5,4.0,15.21160888671875,6.8125,13.375,4.0,1.0,70.0,9.5,1.5
16.0,0.3455630493164062,28.0,181.875,0.605,37.5,3.25,30.0,27.0,0.0,31.25526428222656,0.0,5.75,7.25,2.625,3.505859375,0.0,62.82421875,1.0,1.25
37.0,0.56,20.0,17.5,0.2425,105.25,10.25,28.0,121.5,0.0,7.5,6.0,5.5,0.5,13.375,1.5,1.0,19.5,3.5,23.5
23.5,0.520390625,24.0,112.25,0.2825,57.25,5.5,29.0,53.25,2.0,15.609375,1.640625,8.671875,4.75,6.1484375,3.03125,0.453125,29.7578125,12.8984375,45.578125
33.25,0.48,25.0,196.0,0.42,74.25,13.8046875,27.0,73.75,1.0,38.5,13.0,7.0,11.0,0.0,12.0,0.0,105.5,12.5,251.0
45.625,0.296171875,27.0,24.625,0.265625,107.96875,10.0625,29.0,121.875,2.0,13.5546875,4.0078125,10.453125,0.125,1.671875,13.3203125,0.2734375,87.1171875,7.046875,45.578125
11.421875,0.279921875,30.0,230.1484375,0.464375,71.78125,4.1796875,26.0,36.3515625,3.0,11.34375,5.9140625,2.4609375,19.90234375,12.390625,1.6875,0.8046875,52.8359375,4.34375,102.5625
31.25,0.48875,26.0,209.5,0.3625,67.75,13.8046875,30.0,75.0,3.0,41.5,14.3125,15.21160888671875,4.5,5.0,13.3203125,0.5,126.8125,13.96875,77.5
25.0,0.1822265625,32.0,211.25,0.605,64.0,4.375,26.0,62.58200073242188,3.0,1.97265625,1.15625,2.953125,10.0,4.96875,1.01953125,1.125,9.23046875,1.83203125,33.4296875
27.46875,0.56,31.0,51.890625,0.418046875,52.921875,4.3984375,32.0,56.0,2.0,41.5,4.3125,0.21875,0.875,3.21875,13.3203125,1.125,46.5,3.03125,290.829833984375
11.75,0.56,23.0,349.5,0.56,37.6875,0.46875,25.0,27.9375,0.0,24.16953468322754,3.75,13.5,17.625,12.390625,6.0,0.0,88.609375,6.5,17.4083251953125
5.5,0.3412890625,33.0,32.5,0.31,19.0,1.5,29.0,15.0,4.0,6.505859375,1.822265625,5.974609375,1.5,4.7109375,0.953125,0.0,28.1953125,3.244140625,51.439453125
24.0,0.46,23.0,143.0,0.425,81.5,13.5,30.0,57.5,1.0,36.0,1.0,5.0,5.0,2.0,6.0,0.0,45.0,8.0,290.829833984375
8.6171875,0.3278125,31.0,253.4345703125,0.40828125,55.6064453125,9.4736328125,30.0,47.126953125,1.0,22.59375,14.3125,5.4375,5.939453125,5.0625,8.6875,0.0,121.9375,5.25,85.09375
20.546875,0.168427734375,35.0,349.5,0.37296875,83.703125,0.53125,33.0,70.140625,0.0,5.5693359375,5.1181640625,15.21160888671875,19.90234375,7.0400390625,0.3271484375,0.01953125,43.8740234375,5.1748046875,28.865234375
20.25,0.3875,22.0,111.0,0.42,60.0,0.0,24.0,52.8046875,2.0,18.625,6.25,2.5,4.5,13.375,7.75,1.125,32.75,5.25,290.829833984375
16.9375,0.5301953125,31.0,15.125,0.4337499999999999,39.8125,5.75,26.0,40.6875,2.0,11.54296875,9.8046875,3.04296875,3.4375,3.01171875,3.640625,0.0,62.82421875,1.87890625,5.25
2.0,0.4671875,29.0,111.0,0.605,2.0,0.0,33.0,3.0,3.0,14.3125,2.75,3.1875,3.0,1.96875,1.34375,0.0,30.75,1.0,36.375
19.0,0.45,31.0,26.09765625,0.52,37.5,7.875,24.0,57.0,0.0,12.0,3.0,2.0,5.25,12.0,0.0,0.0,22.0,8.0,210.0
23.0,0.34,35.0,114.0,0.57,62.0,13.8046875,35.0,55.0,0.0,24.0,3.0,0.0,0.0,4.75,2.75,0.5,81.75,2.0,8.0
45.625,0.395,36.0,94.0,0.5,107.96875,2.0,29.0,121.9296875,2.0,10.75,0.75,1.5,0.0,2.75,1.5,0.25,17.0,0.75,16.5
11.5,0.324375,24.0,38.75,0.175,44.25,3.5,34.0,38.5,1.0,15.25,0.375,12.3125,6.25,4.4375,5.4375,0.8125,52.375,13.875,242.75
4.0,0.0,30.0,0.0,0.605,3.0,2.0,22.0,6.0,0.0,0.0,0.0,0.0,1.0,8.0,0.0,0.0,0.0,0.0,0.0
40.125,0.545625,31.0,36.8125,0.4731249999999999,107.96875,9.859375,25.0,121.9296875,4.0,31.6953125,10.55859375,10.01171875,6.484375,13.375,13.3203125,0.2578125,70.87109375,7.0078125,156.06640625
4.0,0.56,32.0,0.0,0.605,16.0,4.5,26.0,12.0,1.0,20.0,0.0,5.0,3.5,0.0,4.0,0.0,11.0,4.0,175.0
3.4521026611328125,0.495,30.0,349.5,0.605,16.52142333984375,0.5,25.0,8.5,0.0,28.92919921875,0.0,7.2578125,18.15625,1.0,0.0,0.0,60.0,4.390045166015625,211.65625
45.625,0.322822265625,33.0,61.0,0.39,100.0,3.0,27.0,121.9296875,3.0,34.74462890625,14.3125,2.63232421875,0.0,3.07275390625,12.33642578125,0.0009765625,126.8125,6.49560546875,13.6650390625
5.0,0.33,27.0,77.0,0.605,24.0,13.0,33.0,25.0,0.0,15.0,2.0,11.0,5.0,11.0,2.0,1.125,52.0,1.0,5.0
25.0,0.4775,34.0,0.0,0.6,100.0,13.8046875,29.0,99.0,4.0,23.75,3.1875,2.75,10.0,3.375,5.1875,0.125,26.8125,3.5,177.0625
30.0,0.145,31.0,144.1875,0.5074804687500001,62.14453125,7.54052734375,35.0,87.0,0.0,0.5,0.25,0.0,12.5,13.375,0.25,0.5,2.75,3.5,0.0
38.5,0.45875,26.0,23.0,0.57,107.96875,5.0,24.0,117.5,2.0,18.125,3.875,4.75,12.5,1.75,6.0625,0.5,48.375,3.625,42.0
14.5,0.4694531249999999,31.0,32.5,0.4468749999999999,57.375,2.310888290405273,30.0,27.0,5.0,17.3779296875,10.384765625,2.7333984375,1.25,1.2001953125,3.0234375,0.517578125,60.59375,2.71875,24.87890625
8.03125,0.4925,25.0,349.5,0.501875,32.5546875,4.3125,35.0,14.515625,0.0,3.375,1.75,1.25,18.4375,13.375,1.75,1.0,6.5,4.625,83.5
32.1796875,0.56,33.0,332.09765625,0.521953125,107.96875,10.11328125,31.0,121.9296875,3.0,35.6875,6.625,0.0625,1.38671875,5.25,7.875,0.25,45.625,13.96875,290.829833984375
13.4921875,0.56,21.0,112.3125,0.605,32.3125,6.0,22.0,30.76953125,1.0,7.75,0.5,0.0,14.75,1.9375,1.0625,1.125,2.1875,0.25,0.0
45.625,0.455,37.0,4.434995651245117,0.3581414604187012,94.04394340515135,13.8046875,35.0,118.65817260742188,1.0,41.5,9.140625,13.328125,2.9130802154541016,10.078125,13.3203125,0.875,126.8125,8.9375,91.546875
6.0,0.41,26.0,94.0,0.47,20.7999267578125,6.1875,31.0,22.0,0.0,10.0,7.0,2.5,0.90625,2.0,2.98565673828125,0.015625,34.0,1.5625,114.0
45.625,0.3544081468880176,40.0,69.0,0.44,107.96875,13.8046875,27.0,121.9296875,5.0,18.392149053514004,3.790086507797241,13.031642034649847,13.0,0.907785177230835,10.052532233297825,8.121132850646973e-06,74.15283551812172,9.883795574307442,102.39769715815784
4.75,0.32,27.0,349.5,0.605,37.5,3.40625,27.0,30.76953125,0.0,10.0,4.0,8.0,18.4375,1.0,4.0,1.0,51.0,2.0,55.0
17.0,0.305,28.0,235.5,0.485,51.5,7.5,24.0,33.0,0.0,15.5,7.0,9.0,19.5,5.5,4.0,0.0,76.0,13.96875,0.0
14.25,0.475,31.0,349.5,0.27375,22.0,1.0,26.0,26.5,0.0,23.605712890625,2.0,11.0,12.0,0.0,2.8125,0.0,52.625,5.6611328125,58.25
1.0,0.4225,28.0,32.5,0.605,1.5,1.5,35.0,1.5,1.0,10.75,6.25,0.75,1.0,11.75,8.75,0.25,50.5,3.25,95.25
45.625,0.35,23.0,313.0,0.295,106.25,8.75,26.0,113.25,1.0,12.0,3.25,2.25,6.5,11.0,4.0,1.125,39.0,8.25,91.25
45.625,0.41,27.0,349.5,0.27875,107.96875,9.5,32.0,121.9296875,1.0,41.5,0.0,8.0,0.0,3.0,6.0,1.125,77.0,3.0,290.829833984375
19.0,0.33,28.0,76.0,0.49625,44.75,9.0,22.0,50.53125,0.0,4.0,0.0,1.0,1.625,6.0,1.0,1.0,13.0,6.0,228.0
9.875,0.4,30.0,202.75,0.54375,29.5625,3.375,35.0,27.9375,1.0,35.0,0.0,11.0,7.625,12.0,1.0,0.0,86.0,6.0,171.0
8.580078125,0.298687973022461,28.0,169.734375,0.425087890625,34.3017578125,1.349609375,25.0,30.0205078125,5.0,33.89766311645508,14.3125,15.21160888671875,6.2294921875,2.1766395568847656,6.757987976074219,0.0781707763671875,126.8125,6.507148742675781,31.205020904541016
19.4771728515625,0.215,27.0,85.9349365234375,0.2160192871093749,66.7801513671875,5.55810546875,35.0,63.8468017578125,0.0,6.5,4.5,5.5,10.6705322265625,2.5,3.0,0.0,51.5,3.5,0.0
45.625,0.3556249999999999,31.0,107.5,0.345,107.96875,9.5,23.0,121.9296875,3.0,30.21875,4.59375,1.8125,3.0,12.0,3.15625,0.15625,105.75,1.5,148.75
45.625,0.4347884559631347,32.0,36.46337890625,0.349609375,107.96875,10.6025390625,31.0,121.9296875,5.0,28.799400329589844,14.3125,10.945600509643556,4.87548828125,5.910446166992188,5.488613128662109,0.078369140625,103.88215255737305,7.605096817016602,90.12340354919434
45.625,0.401875,32.0,34.401243433356285,0.463041749894619,107.96875,13.8046875,31.0,121.9296875,1.0,20.6875,10.1875,9.0,5.989072620868683,5.8125,5.25,0.0625,86.0,7.5625,16.75
27.0,0.47,23.0,15.0,0.4,64.0,4.0,26.0,64.0,1.0,24.0,0.0,0.0,5.0,0.0,0.0,1.0,2.0,0.0,197.0
6.0,0.4084375,34.0,327.5,0.605,29.5,5.0,31.0,21.5,3.0,15.75,14.3125,9.84375,13.5,0.125,5.5,0.0625,72.3125,12.28125,160.6875
14.0,0.325,27.0,92.3125,0.23,50.0,2.0,30.0,50.53125,1.0,18.5,1.5,3.5,3.0,3.5,2.5,0.0,16.0,1.5,290.829833984375
3.125,0.36875,25.0,349.5,0.5096575927734375,49.0,8.5,26.0,8.5,0.0,41.5,0.0,5.75,18.15625,2.0,12.04296875,0.0,126.8125,8.765625,85.0
9.5625,0.24,20.0,204.4375,0.471875,47.125,13.8046875,22.0,29.125,0.0,9.0,0.0,0.0,15.75,13.375,0.0,1.125,7.0,3.0,208.0
14.25,0.36125,26.0,265.125,0.2160192871093749,92.59375,0.5,31.0,54.0,0.0,3.0,10.384765625,4.56640625,18.5,1.671875,3.625,0.0,12.0,6.16796875,9.0
43.677734375,0.5135546875,36.0,13.171875,0.44865234375,107.021484375,7.5703125,31.0,111.490234375,4.0,37.28515625,0.76953125,3.828125,4.0703125,13.375,5.1796875,0.00390625,67.2734375,6.37890625,41.80078125
43.5625,0.385537109375,26.0,134.40625,0.4515625,107.96875,11.4296875,26.0,121.9296875,1.0,4.76171875,4.767578125,10.73291015625,12.7421875,13.375,5.694580078125,0.39892578125,30.7529296875,6.74609375,3.2626953125
14.5,0.399375,35.0,132.5,0.49,55.0,3.0,35.0,41.5,3.0,17.25,7.125,2.625,4.5,1.3125,13.3203125,0.0,83.3125,3.625,86.0625
3.0,0.41,24.0,22.0,0.42,11.0,2.0,30.0,16.0,1.0,21.5,4.0,6.5,0.0,13.375,3.0,1.0,36.5,5.0,222.5
45.625,0.195,27.0,255.0,0.38,96.0,12.0,30.0,103.0,0.0,32.0,8.5,6.5,0.0,0.0,7.5,0.5,105.5,7.5,40.0
3.21875,0.5596875,33.0,114.765625,0.4496875,26.0,0.78125,33.0,12.765625,3.0,19.578125,2.0,5.859375,15.078125,5.828125,2.9375,1.125,10.703125,1.34375,290.829833984375
11.147705078125,0.3375,26.0,349.5,0.4548382568359375,83.8575439453125,1.05548095703125,32.0,46.28515625,0.0,5.5,2.625,0.0,19.90234375,12.25,0.25,1.0,21.25,0.625,11.625
45.625,0.42,28.0,69.47310568392277,0.5166842991113663,107.96875,13.8046875,35.0,121.9296875,1.0,11.15625,6.1875,13.5625,1.7389196157455444,2.796875,5.578125,0.0625,51.90625,8.171875,43.890625
45.625,0.3128125,29.0,127.0,0.39,107.96875,13.8046875,30.0,121.9296875,1.0,22.03125,8.03125,15.1875,16.0,13.375,6.6875,0.625,108.0,8.09375,27.34375
13.0625,0.354072265625,28.0,62.875,0.239375,41.1875,2.75,27.0,39.625,4.0,41.5,0.7578125,2.294921875,11.6875,6.111328125,7.5380859375,0.619140625,83.0283203125,13.96875,137.015625
23.0,0.395,24.0,7.0,0.56,22.0,6.0,35.0,39.0,1.0,40.0,3.5,15.21160888671875,1.0,0.0,13.3203125,0.0,102.0,13.96875,157.0
45.625,0.3621875,34.0,9.0,0.37,106.0,13.8046875,29.0,121.9296875,2.0,21.46875,12.3125,2.6875,2.0,3.96875,8.78125,0.59375,101.09375,4.28125,68.53125
1.4375,0.4766022321581841,37.0,100.9375,0.24625,9.125,1.125,27.0,5.0625,5.0,16.263761460781097,1.186900682747364,1.0629501342773438,4.3125,13.375,1.9427479654550552,0.0063787326216697,25.440741382539272,7.9123542085289955,9.5629146322608
2.0,0.34,28.0,0.0,0.605,12.0,1.0,30.0,12.0,1.0,16.0,1.0,0.0,0.0,0.0,0.0,0.0,34.0,0.0,272.0
6.6875,0.334375,24.0,349.5,0.52125,32.75,1.75,27.0,14.3125,1.0,6.03125,3.15625,8.75,19.90234375,7.4375,2.6875,0.25,27.28125,9.34375,222.21875
17.0,0.56,31.0,163.8125,0.310625,82.4375,12.8125,25.0,75.1875,2.0,8.78125,7.25,3.625,4.625,6.75,7.15625,1.125,25.84375,1.65625,190.4375
23.0,0.55,22.0,94.0,0.55,34.0,5.875,25.0,21.0,1.0,7.0,8.0,2.0,7.25,4.0,0.0,0.0,16.0,0.0,0.0
12.408447265625,0.4828125,28.0,11.0,0.605,31.0,4.5,26.0,26.3125,3.0,11.84375,6.21875,1.5,6.25,3.5625,7.8125,0.25,40.09375,3.28125,28.96875
11.75,0.53,31.0,85.25,0.5575,35.75,5.5,29.0,35.0,0.0,17.0,0.5,1.5,0.25,13.375,2.5,1.125,10.5,7.5,277.0
18.21875,0.55,30.0,40.4375,0.3375,46.3125,2.0625,33.0,51.71875,1.0,23.0,2.0,4.5,2.65625,10.0,3.5,0.0,16.5,1.5,127.0
11.0,0.415,23.0,22.0,0.605,14.0,1.0,27.0,20.0,1.0,13.5,8.5,10.0,2.0,5.0,1.5,0.5,36.5,5.5,221.5
45.625,0.32125,28.0,108.72705078125,0.29111328125,107.96875,11.11572265625,30.0,121.9296875,0.0,19.5,11.75,13.25,6.91796875,13.375,11.0,1.125,101.875,13.96875,140.0
1.40625,0.526875,30.0,80.5625,0.551875,6.375,1.0,27.0,5.375,0.0,10.5,3.7509765625,6.5,0.90625,9.3134765625,9.0,0.0,30.66796875,8.538238525390625,69.75
26.90625,0.56,32.0,103.78125,0.485,60.03125,8.03125,35.0,53.515625,1.0,41.5,7.3125,4.78125,19.90234375,13.375,12.04296875,0.162109375,65.638671875,10.115234375,168.380859375
33.40625,0.36227294921875,29.0,141.25,0.4878125,70.1875,10.5,28.0,89.0,5.0,10.2022705078125,3.5992431640625,1.1600341796875,3.15625,1.0235595703125,3.1434326171875,0.52783203125,34.7796630859375,5.202880859375,17.4083251953125
8.625,0.5025,24.0,211.625,0.56,19.5,3.75,28.0,21.0,3.0,41.5,14.3125,9.5,0.75,0.75,13.3203125,0.125,126.8125,12.5,53.75
1.0,0.5,31.0,137.0,0.605,33.0,0.0,26.0,3.0,0.0,4.0,1.0,0.0,12.0,13.375,0.0,0.0,10.0,0.0,0.0
0.0,0.2299999999999999,35.0,341.0,0.325,11.5,0.5,26.0,0.5,0.0,3.0,0.0,2.0,9.0,12.5,1.0,0.0,13.5,2.5,0.0
6.5,0.458125,38.0,102.5,0.405,37.5,6.5,23.0,25.0,2.0,20.8125,8.9375,12.4375,15.5,7.5,2.8125,0.0,56.9375,4.125,290.829833984375
30.125,0.4846875,27.0,49.0,0.3425,76.75,3.875,33.0,92.5,0.0,15.25,3.875,4.25,5.75,13.375,4.0,0.0,49.90625,6.5,15.0
45.625,0.36875,32.0,211.25,0.445625,107.96875,13.8046875,33.0,121.9296875,2.0,33.21875,14.3125,6.625,8.46875,3.25,13.3203125,0.0,126.8125,13.96875,102.09375
44.765625,0.339375,35.0,8.4375,0.31078125,93.171875,6.21875,30.0,97.5625,1.0,5.3125,8.4375,8.25,1.609375,5.25,4.8125,0.0,41.0,6.4375,67.25
21.5,0.31,22.0,84.0,0.42,43.0,4.0,26.0,47.5,0.0,0.5,0.5,0.0,6.0,9.0,1.0,0.0,3.5,3.5,65.5
13.4921875,0.465,32.0,349.5,0.605,37.6875,1.75,22.0,40.6875,1.0,11.0,0.0,0.5,19.90234375,0.0,0.5,0.0,7.0,1.0,0.0
18.0,0.301953125,29.0,6.0,0.32,51.0,6.0,30.0,35.0,4.0,28.32421875,13.2890625,10.984375,10.0,9.7890625,5.66015625,0.26953125,126.8125,6.453125,85.26171875
13.375,0.3703125,30.0,85.5,0.4225,62.75,4.0,33.0,54.5,0.0,24.16953468322754,7.0,8.0,7.25,5.78125,4.8125,0.0,81.078125,4.75,34.0
18.125,0.38,27.0,14.171875,0.605,51.59375,1.0,35.0,40.6875,0.0,3.0,5.0,15.21160888671875,7.0528564453125,4.0,5.0,0.0,32.0,3.0,19.0
7.0,0.4717187499999999,27.0,4.0,0.21,13.0,0.0,30.0,16.0,3.0,12.953125,3.6171875,3.46875,0.0,2.40625,2.234375,0.9453125,27.6484375,3.375,166.546875
0.0,0.56,31.0,135.0,0.605,39.0,0.0,35.0,0.0,2.0,6.75,1.5,1.75,19.90234375,0.0,0.0,0.25,3.5,4.0,275.0
30.125,0.4471875,26.0,158.875,0.47,96.0,10.0,32.0,109.125,5.0,41.25,14.3125,15.21160888671875,7.703125,2.25,11.125,0.625,126.8125,13.96875,89.875
2.0,0.4599999999999999,31.0,1.0,0.605,6.0,1.0,27.0,6.0,0.0,4.5,3.2413253784179688,2.0,1.0,1.0,3.5,0.0,15.0,3.5,38.9609375
5.5,0.5586355590820312,34.0,163.5,0.48125,16.875,0.25,35.0,15.75,5.0,36.055084228515625,7.90826416015625,7.6488037109375,2.25,2.03729248046875,7.252197265625,0.000274658203125,68.42056274414062,8.538238525390625,95.69564819335938
14.25,0.41,24.0,139.5,0.49,43.75,3.0,24.0,30.5,1.0,41.5,5.0,9.0,13.75,2.0,13.3203125,0.0,126.8125,13.96875,22.0
18.625,0.365,31.0,32.5,0.4878125,40.25,6.75,25.0,66.75,1.0,1.5,8.0,2.0,1.5360107421875,3.0,5.0,0.5,31.5,1.5,3.0
12.375,0.3675,22.0,145.25,0.5075000000000001,34.25,6.0,30.0,34.5,1.0,20.5,1.5,1.75,4.5,5.0,8.75,1.125,46.25,1.75,224.25
1.0,0.28,26.0,255.0,0.235,56.5,2.5,27.0,19.0,0.0,24.625,10.5,15.21160888671875,19.90234375,0.0,5.375,0.0,125.0,12.125,22.5
2.0,0.5,28.0,0.0,0.6,21.0,0.0,27.0,8.0,0.0,0.0,1.0,0.0,7.0,13.375,1.0,0.0,1.0,0.0,0.0
5.3125,0.5248437499999999,32.0,76.125,0.458125,32.3125,2.0625,27.0,15.9375,2.0,7.7578125,3.28125,1.75,14.75,13.375,2.3203125,0.2890625,22.2734375,8.2421875,21.59375
34.5,0.3043749999999999,36.0,349.5,0.385,107.96875,13.8046875,26.0,121.9296875,3.0,7.6171875,1.3828125,0.859375,2.0,5.0078125,0.8203125,0.875,11.5625,2.890625,106.9140625
10.5,0.475,24.0,349.5,0.44,39.8125,1.5,24.0,42.0,0.0,33.625,14.3125,9.821517944335938,15.4453125,0.0,5.0625,0.0,105.5,8.0,161.23046875
13.4921875,0.4694531249999999,27.0,20.4140625,0.3183984375,32.3125,1.0,28.0,24.5,0.0,17.0,2.0,5.25,19.90234375,1.5,8.0,0.46875,29.84375,5.9296875,150.375
14.0,0.48,26.0,86.0,0.605,47.0,4.0,27.0,52.0,1.0,14.0,4.0,4.0,0.0,0.0,2.0,0.0,29.0,1.0,11.0
5.5,0.495,25.0,73.0,0.524375,19.3125,1.25,32.0,11.3125,2.0,22.5,5.5,1.0,9.4375,0.0,5.0,0.0,47.5,8.5,136.5
13.0,0.28,29.0,327.5,0.27375,50.125,1.0,33.0,37.0,0.0,13.25,3.796875,0.5,12.5,0.5,4.0,0.5,35.0,0.0,11.0
8.23046875,0.405,26.0,232.56640625,0.3183984375,27.02734375,2.71875,34.0,20.640625,2.0,16.125,6.0,4.9375,8.30859375,5.8125,3.75,0.5,31.5625,10.5625,273.25
34.25,0.5435937500000001,23.0,19.3125,0.47625,90.625,5.5,28.0,117.5,3.0,16.578125,3.59375,3.234375,1.375,4.703125,8.171875,0.28125,30.421875,4.859375,158.140625
1.1875,0.56,30.0,144.1875,0.605,17.90625,2.0,33.0,9.65625,0.0,6.5,1.0,1.0,10.40625,7.0,1.5,1.125,1.5,1.5,114.0
28.0,0.56,26.0,5.0,0.56,48.0,0.0,32.0,60.0,1.0,11.5,1.5,0.0,0.0,4.0,5.5,0.0,14.0,0.5,82.5
2.5,0.37,29.0,323.0,0.56,22.22705078125,7.54052734375,25.0,24.5,1.0,41.5,14.3125,8.625,19.90234375,3.25,13.3203125,0.0,116.25,13.96875,172.75
10.5,0.28,28.0,280.96875,0.345,51.3486328125,0.5,31.0,32.0,0.0,9.0,7.0,9.0,11.6875,13.375,2.0,1.125,60.0,8.0,22.0
23.0,0.33,24.0,26.09765625,0.56,34.0,2.0,28.0,32.078125,0.0,17.25,4.25,7.154296875,1.5,9.0,3.5,0.0,43.3671875,2.52447509765625,1.25
8.0,0.44375,24.0,349.5,0.1575,30.5,0.5625,29.0,25.0,0.0,30.61424231529236,3.796875,2.0,14.75,1.0,7.875,0.125,83.0,4.75,290.829833984375
20.0,0.3,32.0,349.5,0.52,61.0,10.0,32.0,62.0,1.0,12.75,4.0,2.5,2.0,1.0,5.75,0.75,48.5,3.25,7.25
18.125,0.2671875,40.0,16.5,0.47,44.75,3.0,29.0,26.3125,1.0,4.640625,8.25,4.25,1.5,2.265625,2.609375,0.078125,39.078125,5.890625,20.09375
27.90625,0.4877914428710937,35.0,50.4375,0.605,65.703125,3.40625,32.0,74.890625,5.0,27.900299072265625,14.3125,15.21160888671875,2.0,10.6180419921875,8.8406982421875,0.0,115.597900390625,7.69232177734375,4.810546875
31.0,0.3690633392333984,29.0,112.0,0.25,68.5,11.5,29.0,68.0,5.0,41.5,5.8424835205078125,2.5859603881835938,11.0,1.8795623779296875,10.19976806640625,1.068267822265625,126.8125,7.029121398925781,153.3239517211914
6.0,0.56,35.0,6.0,0.33,15.0,0.0,32.0,12.0,1.0,11.375,8.75,14.25,8.0,0.375,5.25,0.125,27.375,4.625,188.125
12.408447265625,0.3399999999999999,29.0,62.875,0.415,24.09375,8.0,23.0,37.75,0.0,5.25,4.25,13.5,8.71875,13.375,4.0,0.75,27.5,13.96875,59.75
9.5546875,0.4084375,27.0,349.5,0.4496875,30.5,1.0,30.0,31.5,0.0,30.61424231529236,0.0,2.6875,10.0,2.0,6.428653717041016,0.0,81.078125,2.52447509765625,139.25
45.625,0.41,30.0,139.0,0.42,107.96875,13.8046875,23.0,121.9296875,1.0,10.0,11.5,4.0,19.90234375,2.5,3.5,0.0,37.5,9.5,242.5
13.6328125,0.4370703125,29.0,65.3828125,0.58296875,48.765625,3.6171875,27.0,52.8046875,5.0,41.5,9.087890625,3.25830078125,6.3671875,3.4468994140625,13.3203125,1.125,126.8125,3.3199462890625,125.3009033203125
2.76953125,0.5162094116210937,35.0,22.83203125,0.4883984374999999,6.9453125,0.42578125,32.0,5.9921875,5.0,37.57711791992188,12.154510498046877,15.21160888671875,0.55859375,5.81549072265625,10.50732421875,0.00830078125,91.81301879882812,7.127349853515625,86.41876220703125
21.5,0.4,22.0,0.0,0.55,47.0,0.46875,30.0,27.0,0.0,30.43701171875,3.796875,2.40625,9.75,13.375,6.0,0.0,32.75,1.5,10.5
45.625,0.3399999999999999,25.0,117.0,0.345,107.96875,2.0,25.0,121.9296875,0.0,19.5,4.0,2.5,18.5,9.0,6.5,1.125,51.5,8.0,290.829833984375
8.0,0.56,26.0,146.0,0.42,26.0,6.0,23.0,25.0,1.0,41.5,8.0,8.0,2.0,1.0,13.3203125,1.0,121.0,4.0,179.0
30.0,0.3898575592041016,32.0,137.0,0.4468749999999999,56.625,5.3125,27.0,77.0625,5.0,30.61424231529236,3.236499786376953,0.8969888687133789,2.8125,3.784075975418091,9.311085939407349,0.7614669799804688,85.9631175994873,3.516249895095825,256.3248064517975
21.009765625,0.5581047058105468,35.0,100.1630859375,0.5560107421875,56.32080078125,5.34130859375,35.0,59.81591796875,5.0,26.288558959960938,8.077255249023438,15.21160888671875,2.59912109375,6.407745361328125,6.753662109375,0.504150390625,55.40650939941406,6.5636749267578125,173.20938110351562
32.0,0.42625,32.0,20.75,0.4684375,54.25,13.8046875,25.0,79.640625,2.0,39.25,4.625,14.375,2.40625,0.625,13.3203125,0.0,123.375,5.125,72.375
13.6640625,0.3703125,26.0,144.34375,0.40015625,44.62890625,4.09375,27.0,36.42578125,2.0,9.546875,8.921875,3.046875,12.5,1.0546875,1.6640625,1.0,43.3671875,2.765625,38.9609375
2.1484375,0.400625,37.0,165.0234375,0.5099218750000001,11.73828125,1.5,33.0,8.70703125,2.0,8.734375,1.21875,13.15625,3.92578125,0.5,2.171875,0.0,28.15625,5.75,82.90625
16.0,0.46,24.0,349.5,0.475,43.0,4.3125,35.0,53.25,0.0,17.0625,4.125,0.421875,15.5,2.0,3.625,0.015625,88.609375,5.5,133.671875
1.5,0.5271875,22.0,101.5,0.605,16.0,0.0,30.0,7.5,2.0,17.15625,3.1875,4.46875,6.0,8.40625,5.34375,0.5625,29.84375,3.71875,143.28125
30.8154296875,0.38,32.0,31.765625,0.5012841796875,87.966796875,3.66552734375,31.0,90.64208984375,0.0,9.1875,0.75,1.4375,4.61865234375,12.0625,1.0,1.125,21.8125,0.875,0.1875
20.0,0.4859375,33.0,172.0,0.5575000000000001,68.25,3.0,28.0,46.25,5.0,10.4296875,4.4609375,4.744140625,14.0,0.98046875,6.3203125,0.25,20.154296875,0.544921875,126.68359375
15.0,0.462001953125,28.0,47.0,0.57,56.0,13.8046875,26.0,74.0,5.0,18.70654296875,1.3828125,3.52099609375,0.0,9.3134765625,6.96533203125,0.47900390625,45.74853515625,4.3037109375,107.13330078125
